,FE,FF,FE,FF,00,00
1377947000,57,false,Rx,0,8,00,00,000002C5,false,Rx,0,8,00,00,00,00,00,00,00,00
59910000,2C6,false,Rx,0,8,F4,01,84,03,00,00,00,00
Time Stamp,ID,Extended,Dir,Bus,LEN,D1,D2,D3,D4,D5,D6,D7,D8
2985000,60D,false,Rx,0,8,0D,10,DF,23,02,20,70,00
2996000,60D,false,Rx,0,8,0D,10,DF,23,02,20,70,00
2996000,60D,false,Rx,0,8,0D,10,DF,23,02,20,70,00
3006000,60D,false,Rx,0,8,0D,10,DF,23,02,20,70,00
3006000,60D,false,Rx,0,8,0D,10,DF,23,02,20,70,00
3017000,60D,false,Rx,0,8,0D,10,DF,23,02,20,70,00
3017000,60D,false,Rx,0,8,0D,10,DF,23,02,20,70,00
3017000,60D,false,Rx,0,8,0D,10,DF,23,02,20,70,00
3027000,60D,false,Rx,0,8,0D,10,DF,23,02,20,70,00
3028000,60D,false,Rx,0,8,0D,10,DF,23,02,20,70,00
3038000,60D,false,Rx,0,8,0D,10,DF,23,02,20,70,00
3038000,60D,false,Rx,0,8,0D,10,DF,23,02,20,70,00
3049000,60D,false,Rx,0,8,0D,10,DF,23,02,20,70,00
3049000,54,false,Rx,0,8,00,00,FE,FF,FE,FF,00,00
3059000,55,false,Rx,0,8,10,27,00,00,00,00,00,00
3074000,60D,false,Rx,0,8,0D,10,DF,23,02,20,70,00
3134000,65,false,Rx,0,8,20,03,03,00,00,00,00,00
3171000,625,false,Rx,0,8,25,00,10,43,FD,BB,E4,01
3174000,60D,false,Rx,0,8,0D,10,DF,23,02,20,70,00
3177000,2C4,false,Rx,0,8,03,00,00,00,F4,01,00,00
3178000,2C5,false,Rx,0,8,00,00,00,00,00,00,00,00
3188000,2C6,false,Rx,0,8,F4,01,84,03,00,00,00,00
3188000,54,false,Rx,0,8,00,00,FE,FF,FE,FF,00,00
3198000,55,false,Rx,0,8,10,27,00,00,00,00,00,00
3199000,56,false,Rx,0,8,10,27,00,00,00,00,00,00
3199000,57,false,Rx,0,8,00,00,FE,FF,FE,FF,00,00
3271000,625,false,Rx,0,8,25,00,10,43,FD,BB,E4,01
3274000,60D,false,Rx,0,8,0D,10,DF,23,02,20,70,00
3283000,65,false,Rx,0,8,20,03,03,00,00,00,00,00
3371000,625,false,Rx,0,8,25,00,11,43,FD,BB,E4,01
3374000,60D,false,Rx,0,8,0D,10,DF,23,02,20,70,00
3377000,2C4,false,Rx,0,8,03,00,00,00,F4,01,00,00
3378000,2C5,false,Rx,0,8,00,00,00,00,00,00,00,00
3388000,2C6,false,Rx,0,8,F4,01,84,03,00,00,00,00
3388000,54,false,Rx,0,8,00,00,FE,FF,FE,FF,00,00
3398000,55,false,Rx,0,8,10,27,00,00,00,00,00,00
3399000,56,false,Rx,0,8,10,27,00,00,00,00,00,00
3399000,57,false,Rx,0,8,00,00,FE,FF,FE,FF,00,00
3433000,65,false,Rx,0,8,20,03,03,00,00,00,00,00
3471000,625,false,Rx,0,8,25,00,11,43,FD,BB,E4,01
3474000,60D,false,Rx,0,8,0D,10,DF,23,02,20,70,00
3571000,625,false,Rx,0,8,25,00,11,43,FD,BB,E4,01
3574000,60D,false,Rx,0,8,0D,10,DF,23,02,20,70,00
3577000,2C4,false,Rx,0,8,03,00,00,00,F4,01,00,00
3577000,2C5,false,Rx,0,8,00,00,00,00,00,00,00,00
3588000,2C6,false,Rx,0,8,F4,01,84,03,00,00,00,00
3588000,54,false,Rx,0,8,00,00,FE,FF,FE,FF,00,00
3598000,55,false,Rx,0,8,10,27,00,00,00,00,00,00
3598000,56,false,Rx,0,8,10,27,00,00,00,00,00,00
3598000,57,false,Rx,0,8,00,00,FE,FF,FE,FF,00,00
3671000,625,false,Rx,0,8,25,00,11,43,FD,BB,E4,01
3673000,60D,false,Rx,0,8,0D,10,DF,23,02,20,70,00
3771000,625,false,Rx,0,8,25,00,11,43,FD,BB,E4,01
3774000,60D,false,Rx,0,8,0D,10,DF,23,02,20,70,00
3777000,2C4,false,Rx,0,8,03,00,00,00,F4,01,00,00
3777000,2C5,false,Rx,0,8,00,00,00,00,00,00,00,00
3788000,2C6,false,Rx,0,8,F4,01,84,03,00,00,00,00
3788000,54,false,Rx,0,8,00,00,FE,FF,FE,FF,00,00
3798000,55,false,Rx,0,8,10,27,00,00,00,00,00,00
3798000,56,false,Rx,0,8,10,27,00,00,00,00,00,00
3798000,57,false,Rx,0,8,00,00,FE,FF,FE,FF,00,00
3871000,625,false,Rx,0,8,25,00,11,43,FD,BB,E4,01
3874000,60D,false,Rx,0,8,0D,10,DF,23,02,20,70,00
3971000,625,false,Rx,0,8,25,00,11,43,FD,BB,E4,01
3973000,60D,false,Rx,0,8,0D,10,DF,23,02,20,70,00
3977000,2C4,false,Rx,0,8,03,00,00,00,FD,02,00,00
3977000,2C5,false,Rx,0,8,00,00,00,00,00,00,00,00
3988000,2C6,false,Rx,0,8,F4,01,84,03,00,00,00,00
3988000,54,false,Rx,0,8,00,00,FE,FF,FE,FF,00,00
3998000,55,false,Rx,0,8,10,27,00,00,00,00,00,00
3998000,56,false,Rx,0,8,10,27,00,00,00,00,00,00
3998000,57,false,Rx,0,8,00,00,FE,FF,FE,FF,00,00
4071000,625,false,Rx,0,8,25,00,11,43,FD,BB,E4,01
4073000,60D,false,Rx,0,8,0D,10,DF,23,02,20,70,00
4171000,625,false,Rx,0,8,25,00,11,43,FD,BB,E4,01
4174000,60D,false,Rx,0,8,0D,10,DF,23,02,20,70,00
4177000,2C4,false,Rx,0,8,03,00,00,00,FA,02,00,00
4177000,2C5,false,Rx,0,8,00,00,00,00,00,00,00,00
4188000,2C6,false,Rx,0,8,F4,01,84,03,00,00,00,00
4188000,54,false,Rx,0,8,00,00,FE,FF,FE,FF,00,00
4198000,55,false,Rx,0,8,10,27,00,00,00,00,00,00
4198000,56,false,Rx,0,8,10,27,00,00,00,00,00,00
4198000,57,false,Rx,0,8,00,00,FE,FF,FE,FF,00,00
4271000,625,false,Rx,0,8,25,00,11,43,FD,BB,E4,01
4273000,60D,false,Rx,0,8,0D,10,DF,23,02,20,70,00
4371000,625,false,Rx,0,8,25,00,11,43,FD,BB,E4,01
4374000,60D,false,Rx,0,8,0D,10,DF,23,02,20,70,00
4377000,2C4,false,Rx,0,8,03,00,00,00,FD,02,00,00
4377000,2C5,false,Rx,0,8,00,00,00,00,00,00,00,00
4388000,2C6,false,Rx,0,8,F4,01,84,03,00,00,00,00
4388000,54,false,Rx,0,8,00,00,FE,FF,FE,FF,00,00
4398000,55,false,Rx,0,8,10,27,00,00,00,00,00,00
4398000,56,false,Rx,0,8,10,27,00,00,00,00,00,00
4398000,57,false,Rx,0,8,00,00,FE,FF,FE,FF,00,00
4471000,625,false,Rx,0,8,25,00,11,43,FD,BB,E4,01
4473000,60D,false,Rx,0,8,0D,10,DF,23,02,20,70,00
4571000,625,false,Rx,0,8,25,00,11,43,FD,BB,E4,01
4573000,60D,false,Rx,0,8,0D,10,DF,23,02,20,70,00
4577000,2C4,false,Rx,0,8,03,00,00,00,FD,02,00,00
4577000,2C5,false,Rx,0,8,00,00,00,00,00,00,00,00
4588000,2C6,false,Rx,0,8,F4,01,84,03,00,00,00,00
4588000,54,false,Rx,0,8,00,00,FE,FF,FE,FF,00,00
4598000,55,false,Rx,0,8,10,27,00,00,00,00,00,00
4598000,56,false,Rx,0,8,10,27,00,00,00,00,00,00
4598000,57,false,Rx,0,8,00,00,FE,FF,FE,FF,00,00
4671000,625,false,Rx,0,8,25,00,11,43,FD,BB,E4,01
4674000,60D,false,Rx,0,8,0D,10,DF,23,02,20,70,00
4771000,625,false,Rx,0,8,25,00,11,43,FD,BB,E4,01
4774000,60D,false,Rx,0,8,0D,10,DF,23,02,20,70,00
4777000,2C4,false,Rx,0,8,03,00,00,00,FD,02,00,00
4777000,2C5,false,Rx,0,8,00,00,00,00,00,00,00,00
4788000,2C6,false,Rx,0,8,F4,01,84,03,00,00,00,00
4788000,54,false,Rx,0,8,00,00,FE,FF,FE,FF,00,00
4798000,55,false,Rx,0,8,10,27,00,00,00,00,00,00
4798000,56,false,Rx,0,8,10,27,00,00,00,00,00,00
4798000,57,false,Rx,0,8,00,00,FE,FF,FE,FF,00,00
4871000,625,false,Rx,0,8,25,00,11,43,FD,BB,E4,01
4874000,60D,false,Rx,0,8,0D,10,DF,23,02,20,70,00
4971000,625,false,Rx,0,8,25,00,11,43,FD,BB,E4,01
4973000,60D,false,Rx,0,8,0D,10,DF,23,02,20,70,00
4977000,2C4,false,Rx,0,8,03,00,00,00,FD,02,00,00
4977000,2C5,false,Rx,0,8,00,00,00,00,00,00,00,00
4988000,2C6,false,Rx,0,8,F4,01,84,03,00,00,00,00
4988000,54,false,Rx,0,8,00,00,FE,FF,FE,FF,00,00
4998000,55,false,Rx,0,8,10,27,00,00,00,00,00,00
4998000,56,false,Rx,0,8,10,27,00,00,00,00,00,00
4998000,57,false,Rx,0,8,00,00,FE,FF,FE,FF,00,00
5071000,625,false,Rx,0,8,25,00,11,43,FD,BB,E4,01
5074000,60D,false,Rx,0,8,0D,10,DF,23,02,20,70,00
5171000,625,false,Rx,0,8,25,00,11,43,FD,BB,E4,01
5173000,60D,false,Rx,0,8,0D,10,DF,23,02,20,70,00
5177000,2C4,false,Rx,0,8,03,00,00,00,FD,02,00,00
5177000,2C5,false,Rx,0,8,00,00,00,00,00,00,00,00
5188000,2C6,false,Rx,0,8,F4,01,84,03,00,00,00,00
5188000,54,false,Rx,0,8,00,00,FE,FF,FE,FF,00,00
5198000,55,false,Rx,0,8,10,27,00,00,00,00,00,00
5198000,56,false,Rx,0,8,10,27,00,00,00,00,00,00
5198000,57,false,Rx,0,8,00,00,FE,FF,FE,FF,00,00
5271000,625,false,Rx,0,8,25,00,11,43,FD,BB,E4,01
5274000,60D,false,Rx,0,8,0D,10,DF,23,02,20,70,00
5371000,625,false,Rx,0,8,25,00,11,43,FD,BB,E4,01
5373000,60D,false,Rx,0,8,0D,10,DF,23,02,20,70,00
5377000,2C4,false,Rx,0,8,03,00,00,00,FD,02,00,00
5377000,2C5,false,Rx,0,8,00,00,00,00,00,00,00,00
5388000,2C6,false,Rx,0,8,F4,01,84,03,00,00,00,00
5388000,54,false,Rx,0,8,00,00,FE,FF,FE,FF,00,00
5398000,55,false,Rx,0,8,10,27,00,00,00,00,00,00
5398000,56,false,Rx,0,8,10,27,00,00,00,00,00,00
5398000,57,false,Rx,0,8,00,00,FE,FF,FE,FF,00,00
5471000,625,false,Rx,0,8,25,00,11,43,FD,BB,E4,01
5473000,60D,false,Rx,0,8,0D,10,DF,23,02,20,70,00
5571000,625,false,Rx,0,8,25,00,11,43,FD,BB,E4,01
5573000,60D,false,Rx,0,8,0D,10,DF,23,02,20,70,00
5577000,2C4,false,Rx,0,8,03,00,00,00,FD,02,00,00
5577000,2C5,false,Rx,0,8,00,00,00,00,00,00,00,00
5587000,2C6,false,Rx,0,8,F4,01,84,03,00,00,00,00
5588000,54,false,Rx,0,8,00,00,FE,FF,FE,FF,00,00
5598000,55,false,Rx,0,8,10,27,00,00,00,00,00,00
5598000,56,false,Rx,0,8,10,27,00,00,00,00,00,00
5598000,57,false,Rx,0,8,00,00,FE,FF,FE,FF,00,00
5671000,625,false,Rx,0,8,25,00,11,43,FD,BB,E4,01
5673000,60D,false,Rx,0,8,0D,10,DF,23,02,20,70,00
5771000,625,false,Rx,0,8,25,00,11,43,FD,BB,E4,01
5774000,60D,false,Rx,0,8,0D,10,DF,23,02,20,70,00
5777000,2C4,false,Rx,0,8,03,00,00,00,FD,02,00,00
5777000,2C5,false,Rx,0,8,00,00,00,00,00,00,00,00
5787000,2C6,false,Rx,0,8,F4,01,84,03,00,00,00,00
5788000,54,false,Rx,0,8,00,00,FE,FF,FE,FF,00,00
5798000,55,false,Rx,0,8,10,27,00,00,00,00,00,00
5798000,56,false,Rx,0,8,10,27,00,00,00,00,00,00
5798000,57,false,Rx,0,8,00,00,FE,FF,FE,FF,00,00
5871000,625,false,Rx,0,8,25,00,11,43,FD,BB,E4,01
5873000,60D,false,Rx,0,8,0D,10,DF,23,02,20,70,00
5971000,625,false,Rx,0,8,25,00,11,43,FD,BB,E4,01
5973000,60D,false,Rx,0,8,0D,10,DF,23,02,20,70,00
5977000,2C4,false,Rx,0,8,03,00,00,00,FD,02,00,00
5977000,2C5,false,Rx,0,8,00,00,00,00,00,00,00,00
5987000,2C6,false,Rx,0,8,F4,01,84,03,00,00,00,00
5988000,54,false,Rx,0,8,00,00,FE,FF,FE,FF,00,00
5998000,55,false,Rx,0,8,10,27,00,00,00,00,00,00
5998000,56,false,Rx,0,8,10,27,00,00,00,00,00,00
5998000,57,false,Rx,0,8,00,00,FE,FF,FE,FF,00,00
6071000,625,false,Rx,0,8,25,00,11,43,FD,BB,E4,01
6073000,60D,false,Rx,0,8,0D,10,DF,23,02,20,70,00
6171000,625,false,Rx,0,8,25,00,11,43,FD,BB,E4,01
6173000,60D,false,Rx,0,8,0D,10,DF,23,02,20,70,00
6177000,2C4,false,Rx,0,8,03,00,00,00,FD,02,00,00
6177000,2C5,false,Rx,0,8,00,00,00,00,00,00,00,00
6187000,2C6,false,Rx,0,8,F4,01,84,03,00,00,00,00
6188000,54,false,Rx,0,8,00,00,FE,FF,FE,FF,00,00
6198000,55,false,Rx,0,8,10,27,00,00,00,00,00,00
6198000,56,false,Rx,0,8,10,27,00,00,00,00,00,00
6198000,57,false,Rx,0,8,00,00,FE,FF,FE,FF,00,00
6271000,625,false,Rx,0,8,25,00,11,43,FD,BB,E4,01
6273000,60D,false,Rx,0,8,0D,10,DF,23,02,20,70,00
6371000,625,false,Rx,0,8,25,00,11,43,FD,BB,E4,01
6373000,60D,false,Rx,0,8,0D,10,DF,23,02,20,70,00
6377000,2C4,false,Rx,0,8,03,00,00,00,FD,02,00,00
6377000,2C5,false,Rx,0,8,00,00,00,00,00,00,00,00
6387000,2C6,false,Rx,0,8,F4,01,84,03,00,00,00,00
6388000,54,false,Rx,0,8,00,00,FE,FF,FE,FF,00,00
6398000,55,false,Rx,0,8,10,27,00,00,00,00,00,00
6398000,56,false,Rx,0,8,10,27,00,00,00,00,00,00
6398000,57,false,Rx,0,8,00,00,FE,FF,FE,FF,00,00
6471000,625,false,Rx,0,8,25,00,11,43,FD,BB,E4,01
6473000,60D,false,Rx,0,8,0D,10,DF,23,02,20,70,00
6571000,625,false,Rx,0,8,25,00,11,43,FD,BB,E4,01
6573000,60D,false,Rx,0,8,0D,10,DF,23,02,20,70,00
6577000,2C4,false,Rx,0,8,03,00,00,00,FD,02,00,00
6577000,2C5,false,Rx,0,8,00,00,00,00,00,00,00,00
6587000,2C6,false,Rx,0,8,F4,01,84,03,00,00,00,00
6588000,54,false,Rx,0,8,00,00,FE,FF,FE,FF,00,00
6598000,55,false,Rx,0,8,10,27,00,00,00,00,00,00
6598000,56,false,Rx,0,8,10,27,00,00,00,00,00,00
6598000,57,false,Rx,0,8,00,00,FE,FF,FE,FF,00,00
6671000,625,false,Rx,0,8,25,00,11,43,FD,BB,E4,01
6673000,60D,false,Rx,0,8,0D,10,DF,23,02,20,70,00
6771000,625,false,Rx,0,8,25,00,11,43,FD,BB,E4,01
6773000,60D,false,Rx,0,8,0D,10,DF,23,02,20,70,00
6777000,2C4,false,Rx,0,8,03,00,00,00,FA,02,00,00
6777000,2C5,false,Rx,0,8,00,00,00,00,00,00,00,00
6787000,2C6,false,Rx,0,8,F4,01,84,03,00,00,00,00
6788000,54,false,Rx,0,8,00,00,FE,FF,FE,FF,00,00
6798000,55,false,Rx,0,8,10,27,00,00,00,00,00,00
6798000,56,false,Rx,0,8,10,27,00,00,00,00,00,00
6798000,57,false,Rx,0,8,00,00,FE,FF,FE,FF,00,00
6871000,625,false,Rx,0,8,25,00,11,43,FD,BB,E4,01
6874000,60D,false,Rx,0,8,0D,10,DF,23,02,20,70,00
6971000,625,false,Rx,0,8,25,00,11,43,FD,BB,E4,01
6974000,60D,false,Rx,0,8,0D,10,DF,23,02,20,70,00
6977000,2C4,false,Rx,0,8,03,00,00,00,FD,02,00,00
6977000,2C5,false,Rx,0,8,00,00,00,00,00,00,00,00
6987000,2C6,false,Rx,0,8,F4,01,84,03,00,00,00,00
6988000,54,false,Rx,0,8,00,00,FE,FF,FE,FF,00,00
6998000,55,false,Rx,0,8,10,27,00,00,00,00,00,00
6998000,56,false,Rx,0,8,10,27,00,00,00,00,00,00
6998000,57,false,Rx,0,8,00,00,FE,FF,FE,FF,00,00
7071000,625,false,Rx,0,8,25,00,11,43,FD,BB,E4,01
7171000,625,false,Rx,0,8,25,00,11,43,FD,BB,E4,01
7177000,2C4,false,Rx,0,8,03,00,00,00,FD,02,00,00
7177000,2C5,false,Rx,0,8,00,00,00,00,00,00,00,00
7177000,2C6,false,Rx,0,8,F4,01,84,03,00,00,00,00
7188000,54,false,Rx,0,8,00,00,FE,FF,FE,FF,00,00
7188000,55,false,Rx,0,8,10,27,00,00,00,00,00,00
7198000,56,false,Rx,0,8,10,27,00,00,00,00,00,00
7198000,57,false,Rx,0,8,00,00,FE,FF,FE,FF,00,00
7271000,625,false,Rx,0,8,25,00,11,43,FD,BB,E4,01
7371000,625,false,Rx,0,8,25,00,11,43,FD,BB,E4,01
7377000,2C4,false,Rx,0,8,03,00,00,00,FD,02,00,00
7377000,2C5,false,Rx,0,8,00,00,00,00,00,00,00,00
7377000,2C6,false,Rx,0,8,F4,01,84,03,00,00,00,00
7388000,54,false,Rx,0,8,00,00,FE,FF,FE,FF,00,00
7388000,55,false,Rx,0,8,10,27,00,00,00,00,00,00
7398000,56,false,Rx,0,8,10,27,00,00,00,00,00,00
7398000,57,false,Rx,0,8,00,00,FE,FF,FE,FF,00,00
7471000,625,false,Rx,0,8,25,00,11,43,FD,BB,E4,01
7571000,625,false,Rx,0,8,25,00,11,43,FD,BB,E4,01
7577000,2C4,false,Rx,0,8,03,00,00,00,FA,02,00,00
7577000,2C5,false,Rx,0,8,00,00,00,00,00,00,00,00
7577000,2C6,false,Rx,0,8,F4,01,84,03,00,00,00,00
7588000,54,false,Rx,0,8,00,00,FE,FF,FE,FF,00,00
7588000,55,false,Rx,0,8,10,27,00,00,00,00,00,00
7598000,56,false,Rx,0,8,10,27,00,00,00,00,00,00
7598000,57,false,Rx,0,8,00,00,FE,FF,FE,FF,00,00
7671000,625,false,Rx,0,8,25,00,11,43,FD,BB,E4,01
7771000,625,false,Rx,0,8,25,00,11,43,FD,BB,E4,01
7777000,2C4,false,Rx,0,8,03,00,00,00,FD,02,00,00
7777000,2C5,false,Rx,0,8,00,00,00,00,00,00,00,00
7777000,2C6,false,Rx,0,8,F4,01,84,03,00,00,00,00
7788000,54,false,Rx,0,8,00,00,FE,FF,FE,FF,00,00
7788000,55,false,Rx,0,8,10,27,00,00,00,00,00,00
7798000,56,false,Rx,0,8,10,27,00,00,00,00,00,00
7798000,57,false,Rx,0,8,00,00,FE,FF,FE,FF,00,00
7871000,625,false,Rx,0,8,25,00,11,43,FD,BB,E4,01
7971000,625,false,Rx,0,8,25,00,11,43,FD,BB,E4,01
7977000,2C4,false,Rx,0,8,03,00,00,00,FD,02,00,00
7977000,2C5,false,Rx,0,8,00,00,00,00,00,00,00,00
7977000,2C6,false,Rx,0,8,F4,01,84,03,00,00,00,00
7988000,54,false,Rx,0,8,00,00,FE,FF,FE,FF,00,00
7988000,55,false,Rx,0,8,10,27,00,00,00,00,00,00
7998000,56,false,Rx,0,8,10,27,00,00,00,00,00,00
7998000,57,false,Rx,0,8,00,00,FE,FF,FE,FF,00,00
8071000,625,false,Rx,0,8,25,00,11,43,FD,BB,E4,01
8171000,625,false,Rx,0,8,25,00,11,43,FD,BB,E4,01
8177000,2C4,false,Rx,0,8,03,00,00,00,FD,02,00,00
8177000,2C5,false,Rx,0,8,00,00,00,00,00,00,00,00
8177000,2C6,false,Rx,0,8,F4,01,84,03,00,00,00,00
8188000,54,false,Rx,0,8,00,00,FE,FF,FE,FF,00,00
8188000,55,false,Rx,0,8,10,27,00,00,00,00,00,00
8198000,56,false,Rx,0,8,10,27,00,00,00,00,00,00
8198000,57,false,Rx,0,8,00,00,FE,FF,FE,FF,00,00
8271000,625,false,Rx,0,8,25,00,11,43,FD,BB,E4,01
8371000,625,false,Rx,0,8,25,00,11,43,FD,BB,E4,01
8377000,2C4,false,Rx,0,8,03,00,00,00,FD,02,00,00
8377000,2C5,false,Rx,0,8,00,00,00,00,00,00,00,00
8377000,2C6,false,Rx,0,8,F4,01,84,03,00,00,00,00
8388000,54,false,Rx,0,8,00,00,FE,FF,FE,FF,00,00
8388000,55,false,Rx,0,8,10,27,00,00,00,00,00,00
8398000,56,false,Rx,0,8,10,27,00,00,00,00,00,00
8398000,57,false,Rx,0,8,00,00,FE,FF,FE,FF,00,00
8471000,625,false,Rx,0,8,25,00,11,43,FD,BB,E4,01
8571000,625,false,Rx,0,8,25,00,11,43,FD,BB,E4,01
8577000,2C4,false,Rx,0,8,03,00,00,00,FD,02,00,00
8577000,2C5,false,Rx,0,8,00,00,00,00,00,00,00,00
8577000,2C6,false,Rx,0,8,F4,01,84,03,00,00,00,00
8588000,54,false,Rx,0,8,00,00,FE,FF,FE,FF,00,00
8588000,55,false,Rx,0,8,10,27,00,00,00,00,00,00
8598000,56,false,Rx,0,8,10,27,00,00,00,00,00,00
8598000,57,false,Rx,0,8,00,00,FE,FF,FE,FF,00,00
8671000,625,false,Rx,0,8,25,00,11,43,FD,BB,E4,01
8771000,625,false,Rx,0,8,25,00,11,43,FD,BB,E4,01
8777000,2C4,false,Rx,0,8,03,00,00,00,FD,02,00,00
8777000,2C5,false,Rx,0,8,00,00,00,00,00,00,00,00
8777000,2C6,false,Rx,0,8,F4,01,84,03,00,00,00,00
8788000,54,false,Rx,0,8,00,00,FE,FF,FE,FF,00,00
8788000,55,false,Rx,0,8,10,27,00,00,00,00,00,00
8798000,56,false,Rx,0,8,10,27,00,00,00,00,00,00
8798000,57,false,Rx,0,8,00,00,FE,FF,FE,FF,00,00
8871000,625,false,Rx,0,8,25,00,11,43,FD,BB,E4,01
8970000,625,false,Rx,0,8,25,00,11,43,FD,BB,E4,01
8977000,2C4,false,Rx,0,8,03,00,00,00,FD,02,00,00
8977000,2C5,false,Rx,0,8,00,00,00,00,00,00,00,00
8977000,2C6,false,Rx,0,8,F4,01,84,03,00,00,00,00
8988000,54,false,Rx,0,8,00,00,FE,FF,FE,FF,00,00
8988000,55,false,Rx,0,8,10,27,00,00,00,00,00,00
8998000,56,false,Rx,0,8,10,27,00,00,00,00,00,00
8998000,57,false,Rx,0,8,00,00,FE,FF,FE,FF,00,00
9070000,625,false,Rx,0,8,25,00,11,43,FD,BB,E4,01
9170000,625,false,Rx,0,8,25,00,11,43,FD,BB,E4,01
9177000,2C4,false,Rx,0,8,03,00,00,00,FD,02,00,00
9177000,2C5,false,Rx,0,8,00,00,00,00,00,00,00,00
9177000,2C6,false,Rx,0,8,F4,01,84,03,00,00,00,00
9188000,54,false,Rx,0,8,00,00,FE,FF,FE,FF,00,00
9188000,55,false,Rx,0,8,10,27,00,00,00,00,00,00
9198000,56,false,Rx,0,8,10,27,00,00,00,00,00,00
9198000,57,false,Rx,0,8,00,00,FE,FF,FE,FF,00,00
9270000,625,false,Rx,0,8,25,00,11,43,FD,BB,E4,01
9370000,625,false,Rx,0,8,25,00,11,43,FD,BB,E4,01
9377000,2C4,false,Rx,0,8,03,00,00,00,FD,02,00,00
9377000,2C5,false,Rx,0,8,00,00,00,00,00,00,00,00
9377000,2C6,false,Rx,0,8,F4,01,84,03,00,00,00,00
9388000,54,false,Rx,0,8,00,00,FE,FF,FE,FF,00,00
9388000,55,false,Rx,0,8,10,27,00,00,00,00,00,00
9398000,56,false,Rx,0,8,10,27,00,00,00,00,00,00
9398000,57,false,Rx,0,8,00,00,FE,FF,FE,FF,00,00
9470000,625,false,Rx,0,8,25,00,11,43,FD,BB,E4,01
9570000,625,false,Rx,0,8,25,00,11,43,FD,BB,E4,01
9577000,2C4,false,Rx,0,8,03,00,00,00,FD,02,00,00
9577000,2C5,false,Rx,0,8,00,00,00,00,00,00,00,00
9577000,2C6,false,Rx,0,8,F4,01,84,03,00,00,00,00
9588000,54,false,Rx,0,8,00,00,FE,FF,FE,FF,00,00
9588000,55,false,Rx,0,8,10,27,00,00,00,00,00,00
9598000,56,false,Rx,0,8,10,27,00,00,00,00,00,00
9598000,57,false,Rx,0,8,00,00,FE,FF,FE,FF,00,00
9670000,625,false,Rx,0,8,25,00,11,43,FD,BB,E4,01
9770000,625,false,Rx,0,8,25,00,11,43,FD,BB,E4,01
9777000,2C4,false,Rx,0,8,03,00,00,00,FD,02,00,00
9777000,2C5,false,Rx,0,8,00,00,00,00,00,00,00,00
9777000,2C6,false,Rx,0,8,F4,01,84,03,00,00,00,00
9787000,54,false,Rx,0,8,00,00,FE,FF,FE,FF,00,00
9788000,55,false,Rx,0,8,10,27,00,00,00,00,00,00
9798000,56,false,Rx,0,8,10,27,00,00,00,00,00,00
9798000,57,false,Rx,0,8,00,00,FE,FF,FE,FF,00,00
9870000,625,false,Rx,0,8,25,00,11,43,FD,BB,E4,01
9970000,625,false,Rx,0,8,25,00,11,43,FD,BB,E4,01
9977000,2C4,false,Rx,0,8,03,00,00,00,FD,02,00,00
9977000,2C5,false,Rx,0,8,00,00,00,00,00,00,00,00
9977000,2C6,false,Rx,0,8,F4,01,84,03,00,00,00,00
9987000,54,false,Rx,0,8,00,00,FE,FF,FE,FF,00,00
9988000,55,false,Rx,0,8,10,27,00,00,00,00,00,00
9998000,56,false,Rx,0,8,10,27,00,00,00,00,00,00
9998000,57,false,Rx,0,8,00,00,FE,FF,FE,FF,00,00
10070000,625,false,Rx,0,8,25,00,11,43,FD,BB,E4,01
10170000,625,false,Rx,0,8,25,00,11,43,FD,BB,E4,01
10177000,2C4,false,Rx,0,8,03,00,00,00,FA,02,00,00
10177000,2C5,false,Rx,0,8,00,00,00,00,00,00,00,00
10177000,2C6,false,Rx,0,8,F4,01,84,03,00,00,00,00
10187000,54,false,Rx,0,8,00,00,FE,FF,FE,FF,00,00
10188000,55,false,Rx,0,8,10,27,00,00,00,00,00,00
10198000,56,false,Rx,0,8,10,27,00,00,00,00,00,00
10198000,57,false,Rx,0,8,00,00,FE,FF,FE,FF,00,00
10270000,625,false,Rx,0,8,25,00,11,43,FD,BB,E4,01
10370000,625,false,Rx,0,8,25,00,11,43,FD,BB,E4,01
10377000,2C4,false,Rx,0,8,03,00,00,00,FD,02,00,00
10377000,2C5,false,Rx,0,8,00,00,00,00,00,00,00,00
10377000,2C6,false,Rx,0,8,F4,01,84,03,00,00,00,00
10387000,54,false,Rx,0,8,00,00,FE,FF,FE,FF,00,00
10388000,55,false,Rx,0,8,10,27,00,00,00,00,00,00
10398000,56,false,Rx,0,8,10,27,00,00,00,00,00,00
10398000,57,false,Rx,0,8,00,00,FE,FF,FE,FF,00,00
10470000,625,false,Rx,0,8,25,00,11,43,FD,BB,E4,01
10570000,625,false,Rx,0,8,25,00,11,43,FD,BB,E4,01
10577000,2C4,false,Rx,0,8,03,00,00,00,FD,02,00,00
10577000,2C5,false,Rx,0,8,00,00,00,00,00,00,00,00
10577000,2C6,false,Rx,0,8,F4,01,84,03,00,00,00,00
10587000,54,false,Rx,0,8,00,00,FE,FF,FE,FF,00,00
10588000,55,false,Rx,0,8,10,27,00,00,00,00,00,00
10598000,56,false,Rx,0,8,10,27,00,00,00,00,00,00
10598000,57,false,Rx,0,8,00,00,FE,FF,FE,FF,00,00
10670000,625,false,Rx,0,8,25,00,11,43,FD,BB,E4,01
10770000,625,false,Rx,0,8,25,00,11,43,FD,BB,E4,01
10777000,2C4,false,Rx,0,8,03,00,00,00,FD,02,00,00
10777000,2C5,false,Rx,0,8,00,00,00,00,00,00,00,00
10777000,2C6,false,Rx,0,8,F4,01,84,03,00,00,00,00
10787000,54,false,Rx,0,8,00,00,FE,FF,FE,FF,00,00
10788000,55,false,Rx,0,8,10,27,00,00,00,00,00,00
10798000,56,false,Rx,0,8,10,27,00,00,00,00,00,00
10798000,57,false,Rx,0,8,00,00,FE,FF,FE,FF,00,00
10870000,625,false,Rx,0,8,25,00,11,43,FD,BB,E4,01
10970000,625,false,Rx,0,8,25,00,11,43,FD,BB,E4,01
10977000,2C4,false,Rx,0,8,03,00,00,00,FA,02,00,00
10977000,2C5,false,Rx,0,8,00,00,00,00,00,00,00,00
10977000,2C6,false,Rx,0,8,F4,01,84,03,00,00,00,00
10987000,54,false,Rx,0,8,00,00,FE,FF,FE,FF,00,00
10988000,55,false,Rx,0,8,10,27,00,00,00,00,00,00
10998000,56,false,Rx,0,8,10,27,00,00,00,00,00,00
10998000,57,false,Rx,0,8,00,00,FE,FF,FE,FF,00,00
11070000,625,false,Rx,0,8,25,00,11,43,FD,BB,E4,01
11170000,625,false,Rx,0,8,25,00,11,43,FD,BB,E4,01
11177000,2C4,false,Rx,0,8,03,00,00,00,FD,02,00,00
11177000,2C5,false,Rx,0,8,00,00,00,00,00,00,00,00
11177000,2C6,false,Rx,0,8,F4,01,84,03,00,00,00,00
11187000,54,false,Rx,0,8,00,00,FE,FF,FE,FF,00,00
11188000,55,false,Rx,0,8,10,27,00,00,00,00,00,00
11198000,56,false,Rx,0,8,10,27,00,00,00,00,00,00
11198000,57,false,Rx,0,8,00,00,FE,FF,FE,FF,00,00
11270000,625,false,Rx,0,8,25,00,11,43,FD,BB,E4,01
11370000,625,false,Rx,0,8,25,00,11,43,FD,BB,E4,01
11377000,2C4,false,Rx,0,8,03,00,00,00,FD,02,00,00
11377000,2C5,false,Rx,0,8,00,00,00,00,00,00,00,00
11377000,2C6,false,Rx,0,8,F4,01,84,03,00,00,00,00
11387000,54,false,Rx,0,8,00,00,FE,FF,FE,FF,00,00
11388000,55,false,Rx,0,8,10,27,00,00,00,00,00,00
11398000,56,false,Rx,0,8,10,27,00,00,00,00,00,00
11398000,57,false,Rx,0,8,00,00,FE,FF,FE,FF,00,00
11470000,625,false,Rx,0,8,25,00,11,43,FD,BB,E4,01
11570000,625,false,Rx,0,8,25,00,11,43,FD,BB,E4,01
11576000,2C4,false,Rx,0,8,03,00,00,00,FD,02,00,00
11577000,2C5,false,Rx,0,8,00,00,00,00,00,00,00,00
11577000,2C6,false,Rx,0,8,F4,01,84,03,00,00,00,00
11587000,54,false,Rx,0,8,00,00,FE,FF,FE,FF,00,00
11588000,55,false,Rx,0,8,10,27,00,00,00,00,00,00
11598000,56,false,Rx,0,8,10,27,00,00,00,00,00,00
11598000,57,false,Rx,0,8,00,00,FE,FF,FE,FF,00,00
11670000,625,false,Rx,0,8,25,00,11,43,FD,BB,E4,01
11770000,625,false,Rx,0,8,25,00,11,43,FD,BB,E4,01
11776000,2C4,false,Rx,0,8,03,00,00,00,FD,02,00,00
11777000,2C5,false,Rx,0,8,00,00,00,00,00,00,00,00
11777000,2C6,false,Rx,0,8,F4,01,84,03,00,00,00,00
11787000,54,false,Rx,0,8,00,00,FE,FF,FE,FF,00,00
11788000,55,false,Rx,0,8,10,27,00,00,00,00,00,00
11798000,56,false,Rx,0,8,10,27,00,00,00,00,00,00
11798000,57,false,Rx,0,8,00,00,FE,FF,FE,FF,00,00
11870000,625,false,Rx,0,8,25,00,11,43,FD,BB,E4,01
11970000,625,false,Rx,0,8,25,00,11,43,FD,BB,E4,01
11976000,2C4,false,Rx,0,8,03,00,00,00,FD,02,00,00
11977000,2C5,false,Rx,0,8,00,00,00,00,00,00,00,00
11977000,2C6,false,Rx,0,8,F4,01,84,03,00,00,00,00
11987000,54,false,Rx,0,8,00,00,FE,FF,FE,FF,00,00
11988000,55,false,Rx,0,8,10,27,00,00,00,00,00,00
11998000,56,false,Rx,0,8,10,27,00,00,00,00,00,00
11998000,57,false,Rx,0,8,00,00,FE,FF,FE,FF,00,00
12070000,625,false,Rx,0,8,25,00,11,43,FD,BB,E4,01
12170000,625,false,Rx,0,8,25,00,11,43,FD,BB,E4,01
12176000,2C4,false,Rx,0,8,03,00,00,00,FD,02,00,00
12177000,2C5,false,Rx,0,8,00,00,00,00,00,00,00,00
12177000,2C6,false,Rx,0,8,F4,01,84,03,00,00,00,00
12187000,54,false,Rx,0,8,00,00,FE,FF,FE,FF,00,00
12188000,55,false,Rx,0,8,10,27,00,00,00,00,00,00
12198000,56,false,Rx,0,8,10,27,00,00,00,00,00,00
12198000,57,false,Rx,0,8,00,00,FE,FF,FE,FF,00,00
12270000,625,false,Rx,0,8,25,00,11,43,FD,BB,E4,01
12370000,625,false,Rx,0,8,25,00,11,43,FD,BB,E4,01
12376000,2C4,false,Rx,0,8,03,00,00,00,FD,02,00,00
12377000,2C5,false,Rx,0,8,00,00,00,00,00,00,00,00
12377000,2C6,false,Rx,0,8,F4,01,84,03,00,00,00,00
12387000,54,false,Rx,0,8,00,00,FE,FF,FE,FF,00,00
12388000,55,false,Rx,0,8,10,27,00,00,00,00,00,00
12398000,56,false,Rx,0,8,10,27,00,00,00,00,00,00
12398000,57,false,Rx,0,8,00,00,FE,FF,FE,FF,00,00
12470000,625,false,Rx,0,8,25,00,11,43,FD,BB,E4,01
12570000,625,false,Rx,0,8,25,00,11,43,FD,BB,E4,01
12576000,2C4,false,Rx,0,8,03,00,00,00,FD,02,00,00
12577000,2C5,false,Rx,0,8,00,00,00,00,00,00,00,00
12577000,2C6,false,Rx,0,8,F4,01,84,03,00,00,00,00
12587000,54,false,Rx,0,8,00,00,FE,FF,FE,FF,00,00
12588000,55,false,Rx,0,8,10,27,00,00,00,00,00,00
12598000,56,false,Rx,0,8,10,27,00,00,00,00,00,00
12598000,57,false,Rx,0,8,00,00,FE,FF,FE,FF,00,00
12670000,625,false,Rx,0,8,25,00,11,43,FD,BB,E4,01
12770000,625,false,Rx,0,8,25,00,11,43,FD,BB,E4,01
12776000,2C4,false,Rx,0,8,03,00,00,00,FD,02,00,00
12777000,2C5,false,Rx,0,8,00,00,00,00,00,00,00,00
12777000,2C6,false,Rx,0,8,F4,01,84,03,00,00,00,00
12787000,54,false,Rx,0,8,00,00,FE,FF,FE,FF,00,00
12788000,55,false,Rx,0,8,10,27,00,00,00,00,00,00
12798000,56,false,Rx,0,8,10,27,00,00,00,00,00,00
12798000,57,false,Rx,0,8,00,00,FE,FF,FE,FF,00,00
12870000,625,false,Rx,0,8,25,00,11,43,FD,BB,E4,01
12970000,625,false,Rx,0,8,25,00,11,43,FD,BB,E4,01
12976000,2C4,false,Rx,0,8,03,00,00,00,FD,02,00,00
12977000,2C5,false,Rx,0,8,00,00,00,00,00,00,00,00
12977000,2C6,false,Rx,0,8,F4,01,84,03,00,00,00,00
12987000,54,false,Rx,0,8,00,00,FE,FF,FE,FF,00,00
12987000,55,false,Rx,0,8,10,27,00,00,00,00,00,00
12998000,56,false,Rx,0,8,10,27,00,00,00,00,00,00
12998000,57,false,Rx,0,8,00,00,FE,FF,FE,FF,00,00
13070000,625,false,Rx,0,8,25,00,11,43,FD,BB,E4,01
13170000,625,false,Rx,0,8,25,00,11,43,FD,BB,E4,01
13176000,2C4,false,Rx,0,8,03,00,00,00,FD,02,00,00
13177000,2C5,false,Rx,0,8,00,00,00,00,00,00,00,00
13177000,2C6,false,Rx,0,8,F4,01,84,03,00,00,00,00
13187000,54,false,Rx,0,8,00,00,FE,FF,FE,FF,00,00
13187000,55,false,Rx,0,8,10,27,00,00,00,00,00,00
13198000,56,false,Rx,0,8,10,27,00,00,00,00,00,00
13198000,57,false,Rx,0,8,00,00,FE,FF,FE,FF,00,00
13270000,625,false,Rx,0,8,25,00,11,43,FD,BB,E4,01
13370000,625,false,Rx,0,8,25,00,11,43,FD,BB,E4,01
13376000,2C4,false,Rx,0,8,03,00,00,00,FD,02,00,00
13377000,2C5,false,Rx,0,8,00,00,00,00,00,00,00,00
13377000,2C6,false,Rx,0,8,F4,01,84,03,00,00,00,00
13387000,54,false,Rx,0,8,00,00,FE,FF,FE,FF,00,00
13387000,55,false,Rx,0,8,10,27,00,00,00,00,00,00
13398000,56,false,Rx,0,8,10,27,00,00,00,00,00,00
13398000,57,false,Rx,0,8,00,00,FE,FF,FE,FF,00,00
13470000,625,false,Rx,0,8,25,00,11,43,FD,BB,E4,01
13570000,625,false,Rx,0,8,25,00,11,43,FD,BB,E4,01
13576000,2C4,false,Rx,0,8,03,00,00,00,FA,02,00,00
13577000,2C5,false,Rx,0,8,00,00,00,00,00,00,00,00
13577000,2C6,false,Rx,0,8,F4,01,84,03,00,00,00,00
13587000,54,false,Rx,0,8,00,00,FE,FF,FE,FF,00,00
13587000,55,false,Rx,0,8,10,27,00,00,00,00,00,00
13598000,56,false,Rx,0,8,10,27,00,00,00,00,00,00
13598000,57,false,Rx,0,8,00,00,FE,FF,FE,FF,00,00
13670000,625,false,Rx,0,8,25,00,11,43,FD,BB,E4,01
13770000,625,false,Rx,0,8,25,00,11,43,FD,BB,E4,01
13776000,2C4,false,Rx,0,8,03,00,00,00,FD,02,00,00
13777000,2C5,false,Rx,0,8,00,00,00,00,00,00,00,00
13777000,2C6,false,Rx,0,8,F4,01,84,03,00,00,00,00
13787000,54,false,Rx,0,8,00,00,FE,FF,FE,FF,00,00
13787000,55,false,Rx,0,8,10,27,00,00,00,00,00,00
13798000,56,false,Rx,0,8,10,27,00,00,00,00,00,00
13798000,57,false,Rx,0,8,00,00,FE,FF,FE,FF,00,00
13870000,625,false,Rx,0,8,25,00,11,43,FD,BB,E4,01
13970000,625,false,Rx,0,8,25,00,11,43,FD,BB,E4,01
13976000,2C4,false,Rx,0,8,03,00,00,00,FD,02,00,00
13977000,2C5,false,Rx,0,8,00,00,00,00,00,00,00,00
13977000,2C6,false,Rx,0,8,F4,01,84,03,00,00,00,00
13987000,54,false,Rx,0,8,00,00,FE,FF,FE,FF,00,00
13987000,55,false,Rx,0,8,10,27,00,00,00,00,00,00
13998000,56,false,Rx,0,8,10,27,00,00,00,00,00,00
13998000,57,false,Rx,0,8,00,00,FE,FF,FE,FF,00,00
14070000,625,false,Rx,0,8,25,00,11,43,FD,BB,E4,01
14170000,625,false,Rx,0,8,25,00,11,43,FD,BB,E4,01
14176000,2C4,false,Rx,0,8,03,00,00,00,FD,02,00,00
14177000,2C5,false,Rx,0,8,00,00,00,00,00,00,00,00
14177000,2C6,false,Rx,0,8,F4,01,84,03,00,00,00,00
14187000,54,false,Rx,0,8,00,00,FE,FF,FE,FF,00,00
14187000,55,false,Rx,0,8,10,27,00,00,00,00,00,00
14198000,56,false,Rx,0,8,10,27,00,00,00,00,00,00
14198000,57,false,Rx,0,8,00,00,FE,FF,FE,FF,00,00
14270000,625,false,Rx,0,8,25,00,11,43,FD,BB,E4,01
14370000,625,false,Rx,0,8,25,00,11,43,FD,BB,E4,01
14376000,2C4,false,Rx,0,8,03,00,00,00,FA,02,00,00
14377000,2C5,false,Rx,0,8,00,00,00,00,00,00,00,00
14377000,2C6,false,Rx,0,8,F4,01,84,03,00,00,00,00
14387000,54,false,Rx,0,8,00,00,FE,FF,FE,FF,00,00
14387000,55,false,Rx,0,8,10,27,00,00,00,00,00,00
14398000,56,false,Rx,0,8,10,27,00,00,00,00,00,00
14398000,57,false,Rx,0,8,00,00,FE,FF,FE,FF,00,00
14470000,625,false,Rx,0,8,25,00,11,43,FD,BB,E4,01
14570000,625,false,Rx,0,8,25,00,11,43,FD,BB,E4,01
14576000,2C4,false,Rx,0,8,03,00,00,00,FD,02,00,00
14577000,2C5,false,Rx,0,8,00,00,00,00,00,00,00,00
14577000,2C6,false,Rx,0,8,F4,01,84,03,00,00,00,00
14587000,54,false,Rx,0,8,00,00,FE,FF,FE,FF,00,00
14587000,55,false,Rx,0,8,10,27,00,00,00,00,00,00
14598000,56,false,Rx,0,8,10,27,00,00,00,00,00,00
14598000,57,false,Rx,0,8,00,00,FE,FF,FE,FF,00,00
14670000,625,false,Rx,0,8,25,00,11,43,FD,BB,E4,01
14770000,625,false,Rx,0,8,25,00,11,43,FD,BB,E4,01
14776000,2C4,false,Rx,0,8,03,00,00,00,FD,02,00,00
14777000,2C5,false,Rx,0,8,00,00,00,00,00,00,00,00
14777000,2C6,false,Rx,0,8,F4,01,84,03,00,00,00,00
14787000,54,false,Rx,0,8,00,00,FE,FF,FE,FF,00,00
14787000,55,false,Rx,0,8,10,27,00,00,00,00,00,00
14798000,56,false,Rx,0,8,10,27,00,00,00,00,00,00
14798000,57,false,Rx,0,8,00,00,FE,FF,FE,FF,00,00
14870000,625,false,Rx,0,8,25,00,11,43,FD,BB,E4,01
14970000,625,false,Rx,0,8,25,00,11,43,FD,BB,E4,01
14976000,2C4,false,Rx,0,8,03,00,00,00,FD,02,00,00
14977000,2C5,false,Rx,0,8,00,00,00,00,00,00,00,00
14977000,2C6,false,Rx,0,8,F4,01,84,03,00,00,00,00
14987000,54,false,Rx,0,8,00,00,FE,FF,FE,FF,00,00
14987000,55,false,Rx,0,8,10,27,00,00,00,00,00,00
14998000,56,false,Rx,0,8,10,27,00,00,00,00,00,00
14998000,57,false,Rx,0,8,00,00,FE,FF,FE,FF,00,00
15070000,625,false,Rx,0,8,25,00,11,43,FD,BB,E4,01
15170000,625,false,Rx,0,8,25,00,11,43,FD,BB,E4,01
15176000,2C4,false,Rx,0,8,03,00,00,00,FD,02,00,00
15177000,2C5,false,Rx,0,8,00,00,00,00,00,00,00,00
15177000,2C6,false,Rx,0,8,F4,01,84,03,00,00,00,00
15187000,54,false,Rx,0,8,00,00,FE,FF,FE,FF,00,00
15187000,55,false,Rx,0,8,10,27,00,00,00,00,00,00
15198000,56,false,Rx,0,8,10,27,00,00,00,00,00,00
15198000,57,false,Rx,0,8,00,00,FE,FF,FE,FF,00,00
15270000,625,false,Rx,0,8,25,00,11,43,FD,BB,E4,01
15370000,625,false,Rx,0,8,25,00,11,43,FD,BB,E4,01
15376000,2C4,false,Rx,0,8,03,00,00,00,FD,02,00,00
15377000,2C5,false,Rx,0,8,00,00,00,00,00,00,00,00
15377000,2C6,false,Rx,0,8,F4,01,84,03,00,00,00,00
15387000,54,false,Rx,0,8,00,00,FE,FF,FE,FF,00,00
15387000,55,false,Rx,0,8,10,27,00,00,00,00,00,00
15398000,56,false,Rx,0,8,10,27,00,00,00,00,00,00
15398000,57,false,Rx,0,8,00,00,FE,FF,FE,FF,00,00
15470000,625,false,Rx,0,8,25,00,11,43,FD,BB,E4,01
15570000,625,false,Rx,0,8,25,00,11,43,FD,BB,E4,01
15576000,2C4,false,Rx,0,8,03,00,00,00,FD,02,00,00
15577000,2C5,false,Rx,0,8,00,00,00,00,00,00,00,00
15577000,2C6,false,Rx,0,8,F4,01,84,03,00,00,00,00
15587000,54,false,Rx,0,8,00,00,FE,FF,FE,FF,00,00
15587000,55,false,Rx,0,8,10,27,00,00,00,00,00,00
15598000,56,false,Rx,0,8,10,27,00,00,00,00,00,00
15598000,57,false,Rx,0,8,00,00,FE,FF,FE,FF,00,00
15670000,625,false,Rx,0,8,25,00,11,43,FD,BB,E4,01
15770000,625,false,Rx,0,8,25,00,11,43,FD,BB,E4,01
15776000,2C4,false,Rx,0,8,03,00,00,00,FD,02,00,00
15777000,2C5,false,Rx,0,8,00,00,00,00,00,00,00,00
15777000,2C6,false,Rx,0,8,F4,01,84,03,00,00,00,00
15787000,54,false,Rx,0,8,00,00,FE,FF,FE,FF,00,00
15787000,55,false,Rx,0,8,10,27,00,00,00,00,00,00
15798000,56,false,Rx,0,8,10,27,00,00,00,00,00,00
15798000,57,false,Rx,0,8,00,00,FE,FF,FE,FF,00,00
15870000,625,false,Rx,0,8,25,00,11,43,FD,BB,E4,01
15970000,625,false,Rx,0,8,25,00,11,43,FD,BB,E4,01
15976000,2C4,false,Rx,0,8,03,00,00,00,FD,02,00,00
15977000,2C5,false,Rx,0,8,00,00,00,00,00,00,00,00
15977000,2C6,false,Rx,0,8,F4,01,84,03,00,00,00,00
15987000,54,false,Rx,0,8,00,00,FE,FF,FE,FF,00,00
15987000,55,false,Rx,0,8,10,27,00,00,00,00,00,00
15998000,56,false,Rx,0,8,10,27,00,00,00,00,00,00
15998000,57,false,Rx,0,8,00,00,FE,FF,FE,FF,00,00
16070000,625,false,Rx,0,8,25,00,11,43,FD,BB,E4,01
16170000,625,false,Rx,0,8,25,00,11,43,FD,BB,E4,01
16176000,2C4,false,Rx,0,8,03,00,00,00,FD,02,00,00
16176000,2C5,false,Rx,0,8,00,00,00,00,00,00,00,00
16177000,2C6,false,Rx,0,8,F4,01,84,03,00,00,00,00
16187000,54,false,Rx,0,8,00,00,FE,FF,FE,FF,00,00
16187000,55,false,Rx,0,8,10,27,00,00,00,00,00,00
16198000,56,false,Rx,0,8,10,27,00,00,00,00,00,00
16198000,57,false,Rx,0,8,00,00,FE,FF,FE,FF,00,00
16270000,625,false,Rx,0,8,25,00,11,43,FD,BB,E4,01
16370000,625,false,Rx,0,8,25,00,11,43,FD,BB,E4,01
16376000,2C4,false,Rx,0,8,03,00,00,00,FD,02,00,00
16376000,2C5,false,Rx,0,8,00,00,00,00,00,00,00,00
16377000,2C6,false,Rx,0,8,F4,01,84,03,00,00,00,00
16387000,54,false,Rx,0,8,00,00,FE,FF,FE,FF,00,00
16387000,55,false,Rx,0,8,10,27,00,00,00,00,00,00
16398000,56,false,Rx,0,8,10,27,00,00,00,00,00,00
16398000,57,false,Rx,0,8,00,00,FE,FF,FE,FF,00,00
16470000,625,false,Rx,0,8,25,00,11,43,FD,BB,E4,01
16570000,625,false,Rx,0,8,25,00,11,43,FD,BB,E4,01
16576000,2C4,false,Rx,0,8,03,00,00,00,FD,02,00,00
16576000,2C5,false,Rx,0,8,00,00,00,00,00,00,00,00
16577000,2C6,false,Rx,0,8,F4,01,84,03,00,00,00,00
16587000,54,false,Rx,0,8,00,00,FE,FF,FE,FF,00,00
16587000,55,false,Rx,0,8,10,27,00,00,00,00,00,00
16598000,56,false,Rx,0,8,10,27,00,00,00,00,00,00
16598000,57,false,Rx,0,8,00,00,FE,FF,FE,FF,00,00
16670000,625,false,Rx,0,8,25,00,11,43,FD,BB,E4,01
16770000,625,false,Rx,0,8,25,00,11,43,FD,BB,E4,01
16776000,2C4,false,Rx,0,8,03,00,00,00,FD,02,00,00
16776000,2C5,false,Rx,0,8,00,00,00,00,00,00,00,00
16777000,2C6,false,Rx,0,8,F4,01,84,03,00,00,00,00
16787000,54,false,Rx,0,8,00,00,FE,FF,FE,FF,00,00
16787000,55,false,Rx,0,8,10,27,00,00,00,00,00,00
16798000,56,false,Rx,0,8,10,27,00,00,00,00,00,00
16798000,57,false,Rx,0,8,00,00,FE,FF,FE,FF,00,00
16870000,625,false,Rx,0,8,25,00,11,43,FD,BB,E4,01
16970000,625,false,Rx,0,8,25,00,11,43,FD,BB,E4,01
16976000,2C4,false,Rx,0,8,03,00,00,00,FA,02,00,00
16976000,2C5,false,Rx,0,8,00,00,00,00,00,00,00,00
16977000,2C6,false,Rx,0,8,F4,01,84,03,00,00,00,00
16987000,54,false,Rx,0,8,00,00,FE,FF,FE,FF,00,00
16987000,55,false,Rx,0,8,10,27,00,00,00,00,00,00
16998000,56,false,Rx,0,8,10,27,00,00,00,00,00,00
16998000,57,false,Rx,0,8,00,00,FE,FF,FE,FF,00,00
17070000,625,false,Rx,0,8,25,00,11,43,FD,BB,E4,01
17170000,625,false,Rx,0,8,25,00,11,43,FD,BB,E4,01
17176000,2C4,false,Rx,0,8,03,00,00,00,FD,02,00,00
17176000,2C5,false,Rx,0,8,00,00,00,00,00,00,00,00
17177000,2C6,false,Rx,0,8,F4,01,84,03,00,00,00,00
17187000,54,false,Rx,0,8,00,00,FE,FF,FE,FF,00,00
17187000,55,false,Rx,0,8,10,27,00,00,00,00,00,00
17198000,56,false,Rx,0,8,10,27,00,00,00,00,00,00
17198000,57,false,Rx,0,8,00,00,FE,FF,FE,FF,00,00
17270000,625,false,Rx,0,8,25,00,11,43,FD,BB,E4,01
17370000,625,false,Rx,0,8,25,00,11,43,FD,BB,E4,01
17376000,2C4,false,Rx,0,8,03,00,00,00,FD,02,00,00
17376000,2C5,false,Rx,0,8,00,00,00,00,00,00,00,00
17377000,2C6,false,Rx,0,8,F4,01,84,03,00,00,00,00
17387000,54,false,Rx,0,8,00,00,FE,FF,FE,FF,00,00
17387000,55,false,Rx,0,8,10,27,00,00,00,00,00,00
17398000,56,false,Rx,0,8,10,27,00,00,00,00,00,00
17398000,57,false,Rx,0,8,00,00,FE,FF,FE,FF,00,00
17470000,625,false,Rx,0,8,25,00,11,43,FD,BB,E4,01
17570000,625,false,Rx,0,8,25,00,11,43,FD,BB,E4,01
17576000,2C4,false,Rx,0,8,03,00,00,00,FD,02,00,00
17576000,2C5,false,Rx,0,8,00,00,00,00,00,00,00,00
17577000,2C6,false,Rx,0,8,F4,01,84,03,00,00,00,00
17587000,54,false,Rx,0,8,00,00,FE,FF,FE,FF,00,00
17587000,55,false,Rx,0,8,10,27,00,00,00,00,00,00
17598000,56,false,Rx,0,8,10,27,00,00,00,00,00,00
17598000,57,false,Rx,0,8,00,00,FE,FF,FE,FF,00,00
17670000,625,false,Rx,0,8,25,00,11,43,FD,BB,E4,01
17770000,625,false,Rx,0,8,25,00,11,43,FD,BB,E4,01
17776000,2C4,false,Rx,0,8,03,00,00,00,FA,02,00,00
17776000,2C5,false,Rx,0,8,00,00,00,00,00,00,00,00
17777000,2C6,false,Rx,0,8,F4,01,84,03,00,00,00,00
17787000,54,false,Rx,0,8,00,00,FE,FF,FE,FF,00,00
17787000,55,false,Rx,0,8,10,27,00,00,00,00,00,00
17798000,56,false,Rx,0,8,10,27,00,00,00,00,00,00
17798000,57,false,Rx,0,8,00,00,FE,FF,FE,FF,00,00
17870000,625,false,Rx,0,8,25,00,11,43,FD,BB,E4,01
17970000,625,false,Rx,0,8,25,00,11,43,FD,BB,E4,01
17976000,2C4,false,Rx,0,8,03,00,00,00,FD,02,00,00
17976000,2C5,false,Rx,0,8,00,00,00,00,00,00,00,00
17977000,2C6,false,Rx,0,8,F4,01,84,03,00,00,00,00
17987000,54,false,Rx,0,8,00,00,FE,FF,FE,FF,00,00
17987000,55,false,Rx,0,8,10,27,00,00,00,00,00,00
17998000,56,false,Rx,0,8,10,27,00,00,00,00,00,00
17998000,57,false,Rx,0,8,00,00,FE,FF,FE,FF,00,00
18070000,625,false,Rx,0,8,25,00,11,43,FD,BB,E4,01
18170000,625,false,Rx,0,8,25,00,11,43,FD,BB,E4,01
18176000,2C4,false,Rx,0,8,03,00,00,00,FD,02,00,00
18176000,2C5,false,Rx,0,8,00,00,00,00,00,00,00,00
18177000,2C6,false,Rx,0,8,F4,01,84,03,00,00,00,00
18187000,54,false,Rx,0,8,00,00,FE,FF,FE,FF,00,00
18187000,55,false,Rx,0,8,10,27,00,00,00,00,00,00
18198000,56,false,Rx,0,8,10,27,00,00,00,00,00,00
18198000,57,false,Rx,0,8,00,00,FE,FF,FE,FF,00,00
18270000,625,false,Rx,0,8,25,00,11,43,FD,BB,E4,01
18370000,625,false,Rx,0,8,25,00,11,43,FD,BB,E4,01
18376000,2C4,false,Rx,0,8,03,00,00,00,FD,02,00,00
18376000,2C5,false,Rx,0,8,00,00,00,00,00,00,00,00
18377000,2C6,false,Rx,0,8,F4,01,84,03,00,00,00,00
18387000,54,false,Rx,0,8,00,00,FE,FF,FE,FF,00,00
18387000,55,false,Rx,0,8,10,27,00,00,00,00,00,00
18398000,56,false,Rx,0,8,10,27,00,00,00,00,00,00
18398000,57,false,Rx,0,8,00,00,FE,FF,FE,FF,00,00
18470000,625,false,Rx,0,8,25,00,11,43,FD,BB,E4,01
18570000,625,false,Rx,0,8,25,00,11,43,FD,BB,E4,01
18576000,2C4,false,Rx,0,8,03,00,00,00,FD,02,00,00
18576000,2C5,false,Rx,0,8,00,00,00,00,00,00,00,00
18577000,2C6,false,Rx,0,8,F4,01,84,03,00,00,00,00
18587000,54,false,Rx,0,8,00,00,FE,FF,FE,FF,00,00
18587000,55,false,Rx,0,8,10,27,00,00,00,00,00,00
18598000,56,false,Rx,0,8,10,27,00,00,00,00,00,00
18598000,57,false,Rx,0,8,00,00,FE,FF,FE,FF,00,00
18670000,625,false,Rx,0,8,25,00,11,43,FD,BB,E4,01
18770000,625,false,Rx,0,8,25,00,11,43,FD,BB,E4,01
18776000,2C4,false,Rx,0,8,03,00,00,00,FD,02,00,00
18776000,2C5,false,Rx,0,8,00,00,00,00,00,00,00,00
18777000,2C6,false,Rx,0,8,F4,01,84,03,00,00,00,00
18787000,54,false,Rx,0,8,00,00,FE,FF,FE,FF,00,00
18787000,55,false,Rx,0,8,10,27,00,00,00,00,00,00
18798000,56,false,Rx,0,8,10,27,00,00,00,00,00,00
18798000,57,false,Rx,0,8,00,00,FE,FF,FE,FF,00,00
18870000,625,false,Rx,0,8,25,00,11,43,FD,BB,E4,01
18970000,625,false,Rx,0,8,25,00,11,43,FD,BB,E4,01
18976000,2C4,false,Rx,0,8,03,00,00,00,FD,02,00,00
18976000,2C5,false,Rx,0,8,00,00,00,00,00,00,00,00
18977000,2C6,false,Rx,0,8,F4,01,84,03,00,00,00,00
18987000,54,false,Rx,0,8,00,00,FE,FF,FE,FF,00,00
18987000,55,false,Rx,0,8,10,27,00,00,00,00,00,00
18997000,56,false,Rx,0,8,10,27,00,00,00,00,00,00
18998000,57,false,Rx,0,8,00,00,FE,FF,FE,FF,00,00
19070000,625,false,Rx,0,8,25,00,11,43,FD,BB,E4,01
19170000,625,false,Rx,0,8,25,00,11,43,FD,BB,E4,01
19176000,2C4,false,Rx,0,8,03,00,00,00,FD,02,00,00
19176000,2C5,false,Rx,0,8,00,00,00,00,00,00,00,00
19177000,2C6,false,Rx,0,8,F4,01,84,03,00,00,00,00
19187000,54,false,Rx,0,8,00,00,FE,FF,FE,FF,00,00
19187000,55,false,Rx,0,8,10,27,00,00,00,00,00,00
19197000,56,false,Rx,0,8,10,27,00,00,00,00,00,00
19198000,57,false,Rx,0,8,00,00,FE,FF,FE,FF,00,00
19270000,625,false,Rx,0,8,25,00,11,43,FD,BB,E4,01
19370000,625,false,Rx,0,8,25,00,11,43,FD,BB,E4,01
19376000,2C4,false,Rx,0,8,03,00,00,00,FD,02,00,00
19376000,2C5,false,Rx,0,8,00,00,00,00,00,00,00,00
19377000,2C6,false,Rx,0,8,F4,01,84,03,00,00,00,00
19387000,54,false,Rx,0,8,00,00,FE,FF,FE,FF,00,00
19387000,55,false,Rx,0,8,10,27,00,00,00,00,00,00
19397000,56,false,Rx,0,8,10,27,00,00,00,00,00,00
19398000,57,false,Rx,0,8,00,00,FE,FF,FE,FF,00,00
19470000,625,false,Rx,0,8,25,00,11,43,FD,BB,E4,01
19570000,625,false,Rx,0,8,25,00,11,43,FD,BB,E4,01
19576000,2C4,false,Rx,0,8,03,00,00,00,FD,02,00,00
19576000,2C5,false,Rx,0,8,00,00,00,00,00,00,00,00
19577000,2C6,false,Rx,0,8,F4,01,84,03,00,00,00,00
19587000,54,false,Rx,0,8,00,00,FE,FF,FE,FF,00,00
19587000,55,false,Rx,0,8,10,27,00,00,00,00,00,00
19597000,56,false,Rx,0,8,10,27,00,00,00,00,00,00
19598000,57,false,Rx,0,8,00,00,FE,FF,FE,FF,00,00
19670000,625,false,Rx,0,8,25,00,11,43,FD,BB,E4,01
19770000,625,false,Rx,0,8,25,00,11,43,FD,BB,E4,01
19776000,2C4,false,Rx,0,8,03,00,00,00,FD,02,00,00
19776000,2C5,false,Rx,0,8,00,00,00,00,00,00,00,00
19777000,2C6,false,Rx,0,8,F4,01,84,03,00,00,00,00
19787000,54,false,Rx,0,8,00,00,FE,FF,FE,FF,00,00
19787000,55,false,Rx,0,8,10,27,00,00,00,00,00,00
19797000,56,false,Rx,0,8,10,27,00,00,00,00,00,00
19798000,57,false,Rx,0,8,00,00,FE,FF,FE,FF,00,00
19870000,625,false,Rx,0,8,25,00,11,43,FD,BB,E4,01
19970000,625,false,Rx,0,8,25,00,11,43,FD,BB,E4,01
19976000,2C4,false,Rx,0,8,03,00,00,00,FD,02,00,00
19976000,2C5,false,Rx,0,8,00,00,00,00,00,00,00,00
19977000,2C6,false,Rx,0,8,F4,01,84,03,00,00,00,00
19987000,54,false,Rx,0,8,00,00,FE,FF,FE,FF,00,00
19987000,55,false,Rx,0,8,10,27,00,00,00,00,00,00
19997000,56,false,Rx,0,8,10,27,00,00,00,00,00,00
19998000,57,false,Rx,0,8,00,00,FE,FF,FE,FF,00,00
20070000,625,false,Rx,0,8,25,00,11,43,FD,BB,E4,01
20170000,625,false,Rx,0,8,25,00,11,43,FD,BB,E4,01
20176000,2C4,false,Rx,0,8,03,00,00,00,FD,02,00,00
20176000,2C5,false,Rx,0,8,00,00,00,00,00,00,00,00
20177000,2C6,false,Rx,0,8,F4,01,84,03,00,00,00,00
20187000,54,false,Rx,0,8,00,00,FE,FF,FE,FF,00,00
20187000,55,false,Rx,0,8,10,27,00,00,00,00,00,00
20197000,56,false,Rx,0,8,10,27,00,00,00,00,00,00
20198000,57,false,Rx,0,8,00,00,FE,FF,FE,FF,00,00
20270000,625,false,Rx,0,8,25,00,11,43,FD,BB,E4,01
20370000,625,false,Rx,0,8,25,00,11,43,FD,BB,E4,01
20376000,2C4,false,Rx,0,8,03,00,00,00,FA,02,00,00
20376000,2C5,false,Rx,0,8,00,00,00,00,00,00,00,00
20377000,2C6,false,Rx,0,8,F4,01,84,03,00,00,00,00
20387000,54,false,Rx,0,8,00,00,FE,FF,FE,FF,00,00
20387000,55,false,Rx,0,8,10,27,00,00,00,00,00,00
20397000,56,false,Rx,0,8,10,27,00,00,00,00,00,00
20398000,57,false,Rx,0,8,00,00,FE,FF,FE,FF,00,00
20470000,625,false,Rx,0,8,25,00,11,43,FD,BB,E4,01
20570000,625,false,Rx,0,8,25,00,11,43,FD,BB,E4,01
20576000,2C4,false,Rx,0,8,03,00,00,00,FD,02,00,00
20576000,2C5,false,Rx,0,8,00,00,00,00,00,00,00,00
20576000,2C6,false,Rx,0,8,F4,01,84,03,00,00,00,00
20587000,54,false,Rx,0,8,00,00,FE,FF,FE,FF,00,00
20587000,55,false,Rx,0,8,10,27,00,00,00,00,00,00
20597000,56,false,Rx,0,8,10,27,00,00,00,00,00,00
20598000,57,false,Rx,0,8,00,00,FE,FF,FE,FF,00,00
20670000,625,false,Rx,0,8,25,00,11,43,FD,BB,E4,01
20770000,625,false,Rx,0,8,25,00,11,43,FD,BB,E4,01
20776000,2C4,false,Rx,0,8,03,00,00,00,FD,02,00,00
20776000,2C5,false,Rx,0,8,00,00,00,00,00,00,00,00
20776000,2C6,false,Rx,0,8,F4,01,84,03,00,00,00,00
20787000,54,false,Rx,0,8,00,00,FE,FF,FE,FF,00,00
20787000,55,false,Rx,0,8,10,27,00,00,00,00,00,00
20797000,56,false,Rx,0,8,10,27,00,00,00,00,00,00
20798000,57,false,Rx,0,8,00,00,FE,FF,FE,FF,00,00
20870000,625,false,Rx,0,8,25,00,11,43,FD,BB,E4,01
20970000,625,false,Rx,0,8,25,00,11,43,FD,BB,E4,01
20976000,2C4,false,Rx,0,8,03,00,00,00,FD,02,00,00
20976000,2C5,false,Rx,0,8,00,00,00,00,00,00,00,00
20976000,2C6,false,Rx,0,8,F4,01,84,03,00,00,00,00
20987000,54,false,Rx,0,8,00,00,FE,FF,FE,FF,00,00
20987000,55,false,Rx,0,8,10,27,00,00,00,00,00,00
20997000,56,false,Rx,0,8,10,27,00,00,00,00,00,00
20998000,57,false,Rx,0,8,00,00,FE,FF,FE,FF,00,00
21070000,625,false,Rx,0,8,25,00,11,43,FD,BB,E4,01
21170000,625,false,Rx,0,8,25,00,11,43,FD,BB,E4,01
21176000,2C4,false,Rx,0,8,03,00,00,00,FD,02,00,00
21176000,2C5,false,Rx,0,8,00,00,00,00,00,00,00,00
21176000,2C6,false,Rx,0,8,F4,01,84,03,00,00,00,00
21187000,54,false,Rx,0,8,00,00,FE,FF,FE,FF,00,00
21187000,55,false,Rx,0,8,10,27,00,00,00,00,00,00
21197000,56,false,Rx,0,8,10,27,00,00,00,00,00,00
21198000,57,false,Rx,0,8,00,00,FE,FF,FE,FF,00,00
21270000,625,false,Rx,0,8,25,00,11,43,FD,BB,E4,01
21370000,625,false,Rx,0,8,25,00,11,43,FD,BB,E4,01
21376000,2C4,false,Rx,0,8,03,00,00,00,FD,02,00,00
21376000,2C5,false,Rx,0,8,00,00,00,00,00,00,00,00
21376000,2C6,false,Rx,0,8,F4,01,84,03,00,00,00,00
21387000,54,false,Rx,0,8,00,00,FE,FF,FE,FF,00,00
21387000,55,false,Rx,0,8,10,27,00,00,00,00,00,00
21397000,56,false,Rx,0,8,10,27,00,00,00,00,00,00
21398000,57,false,Rx,0,8,00,00,FE,FF,FE,FF,00,00
21470000,625,false,Rx,0,8,25,00,11,43,FD,BB,E4,01
21570000,625,false,Rx,0,8,25,00,11,43,FD,BB,E4,01
21576000,2C4,false,Rx,0,8,03,00,00,00,FD,02,00,00
21576000,2C5,false,Rx,0,8,00,00,00,00,00,00,00,00
21576000,2C6,false,Rx,0,8,F4,01,84,03,00,00,00,00
21587000,54,false,Rx,0,8,00,00,FE,FF,FE,FF,00,00
21587000,55,false,Rx,0,8,10,27,00,00,00,00,00,00
21597000,56,false,Rx,0,8,10,27,00,00,00,00,00,00
21598000,57,false,Rx,0,8,00,00,FE,FF,FE,FF,00,00
21670000,625,false,Rx,0,8,25,00,11,43,FD,BB,E4,01
21770000,625,false,Rx,0,8,25,00,11,43,FD,BB,E4,01
21776000,2C4,false,Rx,0,8,03,00,00,00,FD,02,00,00
21776000,2C5,false,Rx,0,8,00,00,00,00,00,00,00,00
21776000,2C6,false,Rx,0,8,F4,01,84,03,00,00,00,00
21787000,54,false,Rx,0,8,00,00,FE,FF,FE,FF,00,00
21787000,55,false,Rx,0,8,10,27,00,00,00,00,00,00
21797000,56,false,Rx,0,8,10,27,00,00,00,00,00,00
21797000,57,false,Rx,0,8,00,00,FE,FF,FE,FF,00,00
21870000,625,false,Rx,0,8,25,00,11,43,FD,BB,E4,01
21970000,625,false,Rx,0,8,25,00,11,43,FD,BB,E4,01
21976000,2C4,false,Rx,0,8,03,00,00,00,FD,02,00,00
21976000,2C5,false,Rx,0,8,00,00,00,00,00,00,00,00
21976000,2C6,false,Rx,0,8,F4,01,84,03,00,00,00,00
21987000,54,false,Rx,0,8,00,00,FE,FF,FE,FF,00,00
21987000,55,false,Rx,0,8,10,27,00,00,00,00,00,00
21997000,56,false,Rx,0,8,10,27,00,00,00,00,00,00
21997000,57,false,Rx,0,8,00,00,FE,FF,FE,FF,00,00
22070000,625,false,Rx,0,8,25,00,11,43,FD,BB,E4,01
22170000,625,false,Rx,0,8,25,00,11,43,FD,BB,E4,01
22176000,2C4,false,Rx,0,8,03,00,00,00,FD,02,00,00
22176000,2C5,false,Rx,0,8,00,00,00,00,00,00,00,00
22176000,2C6,false,Rx,0,8,F4,01,84,03,00,00,00,00
22187000,54,false,Rx,0,8,00,00,FE,FF,FE,FF,00,00
22187000,55,false,Rx,0,8,10,27,00,00,00,00,00,00
22197000,56,false,Rx,0,8,10,27,00,00,00,00,00,00
22197000,57,false,Rx,0,8,00,00,FE,FF,FE,FF,00,00
22270000,625,false,Rx,0,8,25,00,11,43,FD,BB,E4,01
22370000,625,false,Rx,0,8,25,00,11,43,FD,BB,E4,01
22376000,2C4,false,Rx,0,8,03,00,00,00,FD,02,00,00
22376000,2C5,false,Rx,0,8,00,00,00,00,00,00,00,00
22376000,2C6,false,Rx,0,8,F4,01,84,03,00,00,00,00
22387000,54,false,Rx,0,8,00,00,FE,FF,FE,FF,00,00
22387000,55,false,Rx,0,8,10,27,00,00,00,00,00,00
22397000,56,false,Rx,0,8,10,27,00,00,00,00,00,00
22397000,57,false,Rx,0,8,00,00,FE,FF,FE,FF,00,00
22470000,625,false,Rx,0,8,25,00,11,43,FD,BB,E4,01
22570000,625,false,Rx,0,8,25,00,11,43,FD,BB,E4,01
22576000,2C4,false,Rx,0,8,03,00,00,00,FD,02,00,00
22576000,2C5,false,Rx,0,8,00,00,00,00,00,00,00,00
22576000,2C6,false,Rx,0,8,F4,01,84,03,00,00,00,00
22587000,54,false,Rx,0,8,00,00,FE,FF,FE,FF,00,00
22587000,55,false,Rx,0,8,10,27,00,00,00,00,00,00
22597000,56,false,Rx,0,8,10,27,00,00,00,00,00,00
22597000,57,false,Rx,0,8,00,00,FE,FF,FE,FF,00,00
22670000,625,false,Rx,0,8,25,00,11,43,FD,BB,E4,01
22770000,625,false,Rx,0,8,25,00,11,43,FD,BB,E4,01
22776000,2C4,false,Rx,0,8,03,00,00,00,FD,02,00,00
22776000,2C5,false,Rx,0,8,00,00,00,00,00,00,00,00
22776000,2C6,false,Rx,0,8,F4,01,84,03,00,00,00,00
22787000,54,false,Rx,0,8,00,00,FE,FF,FE,FF,00,00
22787000,55,false,Rx,0,8,10,27,00,00,00,00,00,00
22797000,56,false,Rx,0,8,10,27,00,00,00,00,00,00
22797000,57,false,Rx,0,8,00,00,FE,FF,FE,FF,00,00
22870000,625,false,Rx,0,8,25,00,11,43,FD,BB,E4,01
22970000,625,false,Rx,0,8,25,00,11,43,FD,BB,E4,01
22976000,2C4,false,Rx,0,8,03,00,00,00,FD,02,00,00
22976000,2C5,false,Rx,0,8,00,00,00,00,00,00,00,00
22976000,2C6,false,Rx,0,8,F4,01,84,03,00,00,00,00
22987000,54,false,Rx,0,8,00,00,FE,FF,FE,FF,00,00
22987000,55,false,Rx,0,8,10,27,00,00,00,00,00,00
22997000,56,false,Rx,0,8,10,27,00,00,00,00,00,00
22997000,57,false,Rx,0,8,00,00,FE,FF,FE,FF,00,00
23070000,625,false,Rx,0,8,25,00,11,43,FD,BB,E4,01
23170000,625,false,Rx,0,8,25,00,11,43,FD,BB,E4,01
23176000,2C4,false,Rx,0,8,03,00,00,00,FD,02,00,00
23176000,2C5,false,Rx,0,8,00,00,00,00,00,00,00,00
23176000,2C6,false,Rx,0,8,F4,01,84,03,00,00,00,00
23187000,54,false,Rx,0,8,00,00,FE,FF,FE,FF,00,00
23187000,55,false,Rx,0,8,10,27,00,00,00,00,00,00
23197000,56,false,Rx,0,8,10,27,00,00,00,00,00,00
23197000,57,false,Rx,0,8,00,00,FE,FF,FE,FF,00,00
23270000,625,false,Rx,0,8,25,00,11,43,FD,BB,E4,01
23370000,625,false,Rx,0,8,25,00,11,43,FD,BB,E4,01
23376000,2C4,false,Rx,0,8,03,00,00,00,FD,02,00,00
23376000,2C5,false,Rx,0,8,00,00,00,00,00,00,00,00
23376000,2C6,false,Rx,0,8,F4,01,84,03,00,00,00,00
23387000,54,false,Rx,0,8,00,00,FE,FF,FE,FF,00,00
23387000,55,false,Rx,0,8,10,27,00,00,00,00,00,00
23397000,56,false,Rx,0,8,10,27,00,00,00,00,00,00
23397000,57,false,Rx,0,8,00,00,FE,FF,FE,FF,00,00
23470000,625,false,Rx,0,8,25,00,11,43,FD,BB,E4,01
23570000,625,false,Rx,0,8,25,00,11,43,FD,BB,E4,01
23576000,2C4,false,Rx,0,8,03,00,00,00,FD,02,00,00
23576000,2C5,false,Rx,0,8,00,00,00,00,00,00,00,00
23576000,2C6,false,Rx,0,8,F4,01,84,03,00,00,00,00
23587000,54,false,Rx,0,8,00,00,FE,FF,FE,FF,00,00
23587000,55,false,Rx,0,8,10,27,00,00,00,00,00,00
23597000,56,false,Rx,0,8,10,27,00,00,00,00,00,00
23597000,57,false,Rx,0,8,00,00,FE,FF,FE,FF,00,00
23670000,625,false,Rx,0,8,25,00,11,43,FD,BB,E4,01
23770000,625,false,Rx,0,8,25,00,11,43,FD,BB,E4,01
23776000,2C4,false,Rx,0,8,03,00,00,00,FA,02,00,00
23776000,2C5,false,Rx,0,8,00,00,00,00,00,00,00,00
23776000,2C6,false,Rx,0,8,F4,01,84,03,00,00,00,00
23787000,54,false,Rx,0,8,00,00,FE,FF,FE,FF,00,00
23787000,55,false,Rx,0,8,10,27,00,00,00,00,00,00
23797000,56,false,Rx,0,8,10,27,00,00,00,00,00,00
23797000,57,false,Rx,0,8,00,00,FE,FF,FE,FF,00,00
23870000,625,false,Rx,0,8,25,00,11,43,FD,BB,E4,01
23970000,625,false,Rx,0,8,25,00,11,43,FD,BB,E4,01
23976000,2C4,false,Rx,0,8,03,00,00,00,FD,02,00,00
23976000,2C5,false,Rx,0,8,00,00,00,00,00,00,00,00
23976000,2C6,false,Rx,0,8,F4,01,84,03,00,00,00,00
23987000,54,false,Rx,0,8,00,00,FE,FF,FE,FF,00,00
23987000,55,false,Rx,0,8,10,27,00,00,00,00,00,00
23997000,56,false,Rx,0,8,10,27,00,00,00,00,00,00
23997000,57,false,Rx,0,8,00,00,FE,FF,FE,FF,00,00
24070000,625,false,Rx,0,8,25,00,11,43,FD,BB,E4,01
24170000,625,false,Rx,0,8,25,00,11,43,FD,BB,E4,01
24176000,2C4,false,Rx,0,8,03,00,00,00,FD,02,00,00
24176000,2C5,false,Rx,0,8,00,00,00,00,00,00,00,00
24176000,2C6,false,Rx,0,8,F4,01,84,03,00,00,00,00
24187000,54,false,Rx,0,8,00,00,FE,FF,FE,FF,00,00
24187000,55,false,Rx,0,8,10,27,00,00,00,00,00,00
24197000,56,false,Rx,0,8,10,27,00,00,00,00,00,00
24197000,57,false,Rx,0,8,00,00,FE,FF,FE,FF,00,00
24270000,625,false,Rx,0,8,25,00,11,43,FD,BB,E4,01
24370000,625,false,Rx,0,8,25,00,11,43,FD,BB,E4,01
24376000,2C4,false,Rx,0,8,03,00,00,00,FD,02,00,00
24376000,2C5,false,Rx,0,8,00,00,00,00,00,00,00,00
24376000,2C6,false,Rx,0,8,F4,01,84,03,00,00,00,00
24387000,54,false,Rx,0,8,00,00,FE,FF,FE,FF,00,00
24387000,55,false,Rx,0,8,10,27,00,00,00,00,00,00
24397000,56,false,Rx,0,8,10,27,00,00,00,00,00,00
24397000,57,false,Rx,0,8,00,00,FE,FF,FE,FF,00,00
24470000,625,false,Rx,0,8,25,00,11,43,FD,BB,E4,01
24570000,625,false,Rx,0,8,25,00,11,43,FD,BB,E4,01
24576000,2C4,false,Rx,0,8,03,00,00,00,FA,02,00,00
24576000,2C5,false,Rx,0,8,00,00,00,00,00,00,00,00
24576000,2C6,false,Rx,0,8,F4,01,84,03,00,00,00,00
24587000,54,false,Rx,0,8,00,00,FE,FF,FE,FF,00,00
24587000,55,false,Rx,0,8,10,27,00,00,00,00,00,00
24597000,56,false,Rx,0,8,10,27,00,00,00,00,00,00
24597000,57,false,Rx,0,8,00,00,FE,FF,FE,FF,00,00
24670000,625,false,Rx,0,8,25,00,11,43,FD,BB,E4,01
24770000,625,false,Rx,0,8,25,00,11,43,FD,BB,E4,01
24776000,2C4,false,Rx,0,8,03,00,00,00,FD,02,00,00
24776000,2C5,false,Rx,0,8,00,00,00,00,00,00,00,00
24776000,2C6,false,Rx,0,8,F4,01,84,03,00,00,00,00
24787000,54,false,Rx,0,8,00,00,FE,FF,FE,FF,00,00
24787000,55,false,Rx,0,8,10,27,00,00,00,00,00,00
24797000,56,false,Rx,0,8,10,27,00,00,00,00,00,00
24797000,57,false,Rx,0,8,00,00,FE,FF,FE,FF,00,00
24870000,625,false,Rx,0,8,25,00,11,43,FD,BB,E4,01
24970000,625,false,Rx,0,8,25,00,11,43,FD,BB,E4,01
24976000,2C4,false,Rx,0,8,03,00,00,00,FD,02,00,00
24976000,2C5,false,Rx,0,8,00,00,00,00,00,00,00,00
24976000,2C6,false,Rx,0,8,F4,01,84,03,00,00,00,00
24987000,54,false,Rx,0,8,00,00,FE,FF,FE,FF,00,00
24987000,55,false,Rx,0,8,10,27,00,00,00,00,00,00
24997000,56,false,Rx,0,8,10,27,00,00,00,00,00,00
24997000,57,false,Rx,0,8,00,00,FE,FF,FE,FF,00,00
25070000,625,false,Rx,0,8,25,00,11,43,FD,BB,E4,01
25170000,625,false,Rx,0,8,25,00,11,43,FD,BB,E4,01
25176000,2C4,false,Rx,0,8,03,00,00,00,FD,02,00,00
25176000,2C5,false,Rx,0,8,00,00,00,00,00,00,00,00
25176000,2C6,false,Rx,0,8,F4,01,84,03,00,00,00,00
25187000,54,false,Rx,0,8,00,00,FE,FF,FE,FF,00,00
25187000,55,false,Rx,0,8,10,27,00,00,00,00,00,00
25197000,56,false,Rx,0,8,10,27,00,00,00,00,00,00
25197000,57,false,Rx,0,8,00,00,FE,FF,FE,FF,00,00
25270000,625,false,Rx,0,8,25,00,11,43,FD,BB,E4,01
25370000,625,false,Rx,0,8,25,00,11,43,FD,BB,E4,01
25376000,2C4,false,Rx,0,8,03,00,00,00,FD,02,00,00
25376000,2C5,false,Rx,0,8,00,00,00,00,00,00,00,00
25376000,2C6,false,Rx,0,8,F4,01,84,03,00,00,00,00
25387000,54,false,Rx,0,8,00,00,FE,FF,FE,FF,00,00
25387000,55,false,Rx,0,8,10,27,00,00,00,00,00,00
25397000,56,false,Rx,0,8,10,27,00,00,00,00,00,00
25397000,57,false,Rx,0,8,00,00,FE,FF,FE,FF,00,00
25470000,625,false,Rx,0,8,25,00,11,43,FD,BB,E4,01
25570000,625,false,Rx,0,8,25,00,11,43,FD,BB,E4,01
25576000,2C4,false,Rx,0,8,03,00,00,00,FD,02,00,00
25576000,2C5,false,Rx,0,8,00,00,00,00,00,00,00,00
25576000,2C6,false,Rx,0,8,F4,01,84,03,00,00,00,00
25587000,54,false,Rx,0,8,00,00,FE,FF,FE,FF,00,00
25587000,55,false,Rx,0,8,10,27,00,00,00,00,00,00
25597000,56,false,Rx,0,8,10,27,00,00,00,00,00,00
25597000,57,false,Rx,0,8,00,00,FE,FF,FE,FF,00,00
25670000,625,false,Rx,0,8,25,00,11,43,FD,BB,E4,01
25770000,625,false,Rx,0,8,25,00,11,43,FD,BB,E4,01
25776000,2C4,false,Rx,0,8,03,00,00,00,FD,02,00,00
25776000,2C5,false,Rx,0,8,00,00,00,00,00,00,00,00
25776000,2C6,false,Rx,0,8,F4,01,84,03,00,00,00,00
25787000,54,false,Rx,0,8,00,00,FE,FF,FE,FF,00,00
25787000,55,false,Rx,0,8,10,27,00,00,00,00,00,00
25797000,56,false,Rx,0,8,10,27,00,00,00,00,00,00
25797000,57,false,Rx,0,8,00,00,FE,FF,FE,FF,00,00
25870000,625,false,Rx,0,8,25,00,11,43,FD,BB,E4,01
25970000,625,false,Rx,0,8,25,00,11,43,FD,BB,E4,01
25976000,2C4,false,Rx,0,8,03,00,00,00,FD,02,00,00
25976000,2C5,false,Rx,0,8,00,00,00,00,00,00,00,00
25976000,2C6,false,Rx,0,8,F4,01,84,03,00,00,00,00
25987000,54,false,Rx,0,8,00,00,FE,FF,FE,FF,00,00
25987000,55,false,Rx,0,8,10,27,00,00,00,00,00,00
25997000,56,false,Rx,0,8,10,27,00,00,00,00,00,00
25997000,57,false,Rx,0,8,00,00,FE,FF,FE,FF,00,00
26070000,625,false,Rx,0,8,25,00,11,43,FD,BB,E4,01
26170000,625,false,Rx,0,8,25,00,11,43,FD,BB,E4,01
26176000,2C4,false,Rx,0,8,03,00,00,00,FD,02,00,00
26176000,2C5,false,Rx,0,8,00,00,00,00,00,00,00,00
26176000,2C6,false,Rx,0,8,F4,01,84,03,00,00,00,00
26187000,54,false,Rx,0,8,00,00,FE,FF,FE,FF,00,00
26187000,55,false,Rx,0,8,10,27,00,00,00,00,00,00
26197000,56,false,Rx,0,8,10,27,00,00,00,00,00,00
26197000,57,false,Rx,0,8,00,00,FE,FF,FE,FF,00,00
26270000,625,false,Rx,0,8,25,00,11,43,FD,BB,E4,01
26370000,625,false,Rx,0,8,25,00,11,43,FD,BB,E4,01
26376000,2C4,false,Rx,0,8,03,00,00,00,FD,02,00,00
26376000,2C5,false,Rx,0,8,00,00,00,00,00,00,00,00
26376000,2C6,false,Rx,0,8,F4,01,84,03,00,00,00,00
26387000,54,false,Rx,0,8,00,00,FE,FF,FE,FF,00,00
26387000,55,false,Rx,0,8,10,27,00,00,00,00,00,00
26397000,56,false,Rx,0,8,10,27,00,00,00,00,00,00
26397000,57,false,Rx,0,8,00,00,FE,FF,FE,FF,00,00
26470000,625,false,Rx,0,8,25,00,11,43,FD,BB,E4,01
26570000,625,false,Rx,0,8,25,00,11,43,FD,BB,E4,01
26576000,2C4,false,Rx,0,8,03,00,00,00,FD,02,00,00
26576000,2C5,false,Rx,0,8,00,00,00,00,00,00,00,00
26576000,2C6,false,Rx,0,8,F4,01,84,03,00,00,00,00
26587000,54,false,Rx,0,8,00,00,FE,FF,FE,FF,00,00
26587000,55,false,Rx,0,8,10,27,00,00,00,00,00,00
26597000,56,false,Rx,0,8,10,27,00,00,00,00,00,00
26597000,57,false,Rx,0,8,00,00,FE,FF,FE,FF,00,00
26670000,625,false,Rx,0,8,25,00,11,43,FD,BB,E4,01
26770000,625,false,Rx,0,8,25,00,11,43,FD,BB,E4,01
26776000,2C4,false,Rx,0,8,03,00,00,00,FD,02,00,00
26776000,2C5,false,Rx,0,8,00,00,00,00,00,00,00,00
26776000,2C6,false,Rx,0,8,F4,01,84,03,00,00,00,00
26787000,54,false,Rx,0,8,00,00,FE,FF,FE,FF,00,00
26787000,55,false,Rx,0,8,10,27,00,00,00,00,00,00
26797000,56,false,Rx,0,8,10,27,00,00,00,00,00,00
26797000,57,false,Rx,0,8,00,00,FE,FF,FE,FF,00,00
26870000,625,false,Rx,0,8,25,00,11,43,FD,BB,E4,01
26970000,625,false,Rx,0,8,25,00,11,43,FD,BB,E4,01
26976000,2C4,false,Rx,0,8,03,00,00,00,FD,02,00,00
26976000,2C5,false,Rx,0,8,00,00,00,00,00,00,00,00
26976000,2C6,false,Rx,0,8,F4,01,84,03,00,00,00,00
26987000,54,false,Rx,0,8,00,00,FE,FF,FE,FF,00,00
26987000,55,false,Rx,0,8,10,27,00,00,00,00,00,00
26997000,56,false,Rx,0,8,10,27,00,00,00,00,00,00
26997000,57,false,Rx,0,8,00,00,FE,FF,FE,FF,00,00
27070000,625,false,Rx,0,8,25,00,11,43,FD,BB,E4,01
27170000,625,false,Rx,0,8,25,00,11,43,FD,BB,E4,01
27176000,2C4,false,Rx,0,8,03,00,00,00,FA,02,00,00
27176000,2C5,false,Rx,0,8,00,00,00,00,00,00,00,00
27176000,2C6,false,Rx,0,8,F4,01,84,03,00,00,00,00
27187000,54,false,Rx,0,8,00,00,FE,FF,FE,FF,00,00
27187000,55,false,Rx,0,8,10,27,00,00,00,00,00,00
27197000,56,false,Rx,0,8,10,27,00,00,00,00,00,00
27197000,57,false,Rx,0,8,00,00,FE,FF,FE,FF,00,00
27270000,625,false,Rx,0,8,25,00,11,43,FD,BB,E4,01
27369000,625,false,Rx,0,8,25,00,11,43,FD,BB,E4,01
27376000,2C4,false,Rx,0,8,03,00,00,00,FD,02,00,00
27376000,2C5,false,Rx,0,8,00,00,00,00,00,00,00,00
27376000,2C6,false,Rx,0,8,F4,01,84,03,00,00,00,00
27387000,54,false,Rx,0,8,00,00,FE,FF,FE,FF,00,00
27387000,55,false,Rx,0,8,10,27,00,00,00,00,00,00
27397000,56,false,Rx,0,8,10,27,00,00,00,00,00,00
27397000,57,false,Rx,0,8,00,00,FE,FF,FE,FF,00,00
27470000,625,false,Rx,0,8,25,00,11,43,FD,BB,E4,01
27569000,625,false,Rx,0,8,25,00,11,43,FD,BB,E4,01
27576000,2C4,false,Rx,0,8,03,00,00,00,FD,02,00,00
27576000,2C5,false,Rx,0,8,00,00,00,00,00,00,00,00
27576000,2C6,false,Rx,0,8,F4,01,84,03,00,00,00,00
27587000,54,false,Rx,0,8,00,00,FE,FF,FE,FF,00,00
27587000,55,false,Rx,0,8,10,27,00,00,00,00,00,00
27597000,56,false,Rx,0,8,10,27,00,00,00,00,00,00
27597000,57,false,Rx,0,8,00,00,FE,FF,FE,FF,00,00
27669000,625,false,Rx,0,8,25,00,11,43,FD,BB,E4,01
27769000,625,false,Rx,0,8,25,00,11,43,FD,BB,E4,01
27776000,2C4,false,Rx,0,8,03,00,00,00,FD,02,00,00
27776000,2C5,false,Rx,0,8,00,00,00,00,00,00,00,00
27776000,2C6,false,Rx,0,8,F4,01,84,03,00,00,00,00
27787000,54,false,Rx,0,8,00,00,FE,FF,FE,FF,00,00
27787000,55,false,Rx,0,8,10,27,00,00,00,00,00,00
27797000,56,false,Rx,0,8,10,27,00,00,00,00,00,00
27797000,57,false,Rx,0,8,00,00,FE,FF,FE,FF,00,00
27869000,625,false,Rx,0,8,25,00,11,43,FD,BB,E4,01
27969000,625,false,Rx,0,8,25,00,11,43,FD,BB,E4,01
27976000,2C4,false,Rx,0,8,03,00,00,00,FA,02,00,00
27976000,2C5,false,Rx,0,8,00,00,00,00,00,00,00,00
27976000,2C6,false,Rx,0,8,F4,01,84,03,00,00,00,00
27987000,54,false,Rx,0,8,00,00,FE,FF,FE,FF,00,00
27987000,55,false,Rx,0,8,10,27,00,00,00,00,00,00
27997000,56,false,Rx,0,8,10,27,00,00,00,00,00,00
27997000,57,false,Rx,0,8,00,00,FE,FF,FE,FF,00,00
28069000,625,false,Rx,0,8,25,00,11,43,FD,BB,E4,01
28169000,625,false,Rx,0,8,25,00,11,43,FD,BB,E4,01
28176000,2C4,false,Rx,0,8,03,00,00,00,FD,02,00,00
28176000,2C5,false,Rx,0,8,00,00,00,00,00,00,00,00
28176000,2C6,false,Rx,0,8,F4,01,84,03,00,00,00,00
28186000,54,false,Rx,0,8,00,00,FE,FF,FE,FF,00,00
28187000,55,false,Rx,0,8,10,27,00,00,00,00,00,00
28197000,56,false,Rx,0,8,10,27,00,00,00,00,00,00
28197000,57,false,Rx,0,8,00,00,FE,FF,FE,FF,00,00
28269000,625,false,Rx,0,8,25,00,11,43,FD,BB,E4,01
28369000,625,false,Rx,0,8,25,00,11,43,FD,BB,E4,01
28376000,2C4,false,Rx,0,8,03,00,00,00,FD,02,00,00
28376000,2C5,false,Rx,0,8,00,00,00,00,00,00,00,00
28376000,2C6,false,Rx,0,8,F4,01,84,03,00,00,00,00
28386000,54,false,Rx,0,8,00,00,FE,FF,FE,FF,00,00
28387000,55,false,Rx,0,8,10,27,00,00,00,00,00,00
28397000,56,false,Rx,0,8,10,27,00,00,00,00,00,00
28397000,57,false,Rx,0,8,00,00,FE,FF,FE,FF,00,00
28469000,625,false,Rx,0,8,25,00,11,43,FD,BB,E4,01
28569000,625,false,Rx,0,8,25,00,11,43,FD,BB,E4,01
28576000,2C4,false,Rx,0,8,03,00,00,00,FD,02,00,00
28576000,2C5,false,Rx,0,8,00,00,00,00,00,00,00,00
28576000,2C6,false,Rx,0,8,F4,01,84,03,00,00,00,00
28586000,54,false,Rx,0,8,00,00,FE,FF,FE,FF,00,00
28587000,55,false,Rx,0,8,10,27,00,00,00,00,00,00
28597000,56,false,Rx,0,8,10,27,00,00,00,00,00,00
28597000,57,false,Rx,0,8,00,00,FE,FF,FE,FF,00,00
28669000,625,false,Rx,0,8,25,00,11,43,FD,BB,E4,01
28769000,625,false,Rx,0,8,25,00,11,43,FD,BB,E4,01
28776000,2C4,false,Rx,0,8,03,00,00,00,FD,02,00,00
28776000,2C5,false,Rx,0,8,00,00,00,00,00,00,00,00
28776000,2C6,false,Rx,0,8,F4,01,84,03,00,00,00,00
28786000,54,false,Rx,0,8,00,00,FE,FF,FE,FF,00,00
28787000,55,false,Rx,0,8,10,27,00,00,00,00,00,00
28797000,56,false,Rx,0,8,10,27,00,00,00,00,00,00
28797000,57,false,Rx,0,8,00,00,FE,FF,FE,FF,00,00
28869000,625,false,Rx,0,8,25,00,11,43,FD,BB,E4,01
28969000,625,false,Rx,0,8,25,00,11,43,FD,BB,E4,01
28976000,2C4,false,Rx,0,8,03,00,00,00,FD,02,00,00
28976000,2C5,false,Rx,0,8,00,00,00,00,00,00,00,00
28976000,2C6,false,Rx,0,8,F4,01,84,03,00,00,00,00
28986000,54,false,Rx,0,8,00,00,FE,FF,FE,FF,00,00
28987000,55,false,Rx,0,8,10,27,00,00,00,00,00,00
28997000,56,false,Rx,0,8,10,27,00,00,00,00,00,00
28997000,57,false,Rx,0,8,00,00,FE,FF,FE,FF,00,00
29069000,625,false,Rx,0,8,25,00,11,43,FD,BB,E4,01
29169000,625,false,Rx,0,8,25,00,11,43,FD,BB,E4,01
29176000,2C4,false,Rx,0,8,03,00,00,00,FD,02,00,00
29176000,2C5,false,Rx,0,8,00,00,00,00,00,00,00,00
29176000,2C6,false,Rx,0,8,F4,01,84,03,00,00,00,00
29186000,54,false,Rx,0,8,00,00,FE,FF,FE,FF,00,00
29187000,55,false,Rx,0,8,10,27,00,00,00,00,00,00
29197000,56,false,Rx,0,8,10,27,00,00,00,00,00,00
29197000,57,false,Rx,0,8,00,00,FE,FF,FE,FF,00,00
29269000,625,false,Rx,0,8,25,00,11,43,FD,BB,E4,01
29369000,625,false,Rx,0,8,25,00,11,43,FD,BB,E4,01
29376000,2C4,false,Rx,0,8,03,00,00,00,FD,02,00,00
29376000,2C5,false,Rx,0,8,00,00,00,00,00,00,00,00
29376000,2C6,false,Rx,0,8,F4,01,84,03,00,00,00,00
29386000,54,false,Rx,0,8,00,00,FE,FF,FE,FF,00,00
29387000,55,false,Rx,0,8,10,27,00,00,00,00,00,00
29397000,56,false,Rx,0,8,10,27,00,00,00,00,00,00
29397000,57,false,Rx,0,8,00,00,FE,FF,FE,FF,00,00
29469000,625,false,Rx,0,8,25,00,11,43,FD,BB,E4,01
29569000,625,false,Rx,0,8,25,00,11,43,FD,BB,E4,01
29576000,2C4,false,Rx,0,8,03,00,00,00,FD,02,00,00
29576000,2C5,false,Rx,0,8,00,00,00,00,00,00,00,00
29576000,2C6,false,Rx,0,8,F4,01,84,03,00,00,00,00
29586000,54,false,Rx,0,8,00,00,FE,FF,FE,FF,00,00
29587000,55,false,Rx,0,8,10,27,00,00,00,00,00,00
29597000,56,false,Rx,0,8,10,27,00,00,00,00,00,00
29597000,57,false,Rx,0,8,00,00,FE,FF,FE,FF,00,00
29669000,625,false,Rx,0,8,25,00,11,43,FD,BB,E4,01
29769000,625,false,Rx,0,8,25,00,11,43,FD,BB,E4,01
29776000,2C4,false,Rx,0,8,03,00,00,00,FD,02,00,00
29776000,2C5,false,Rx,0,8,00,00,00,00,00,00,00,00
29776000,2C6,false,Rx,0,8,F4,01,84,03,00,00,00,00
29786000,54,false,Rx,0,8,00,00,FE,FF,FE,FF,00,00
29787000,55,false,Rx,0,8,10,27,00,00,00,00,00,00
29797000,56,false,Rx,0,8,10,27,00,00,00,00,00,00
29797000,57,false,Rx,0,8,00,00,FE,FF,FE,FF,00,00
29869000,625,false,Rx,0,8,25,00,11,43,FD,BB,E4,01
