299947000,2C4,false,Rx,0,8,03,08,00,00,DC,02,00,00
299947000,2C5,false,Rx,0,8,00,00,00,00,00,00,00,00
299948000,2C6,false,Rx,0,8,F4,01,84,03,00,00,00,00
Time Stamp,ID,Extended,Dir,Bus,LEN,D1,D2,D3,D4,D5,D6,D7,D8
37000,625,false,Rx,0,8,25,00,11,43,FD,BB,E4,01
136000,625,false,Rx,0,8,25,00,11,43,FD,BB,E4,01
143000,2C4,false,Rx,0,8,03,00,00,00,E1,02,00,00
143000,2C5,false,Rx,0,8,00,00,00,00,00,00,00,00
143000,2C6,false,Rx,0,8,F4,01,84,03,00,00,00,00
154000,54,false,Rx,0,8,00,00,FE,FF,FE,FF,00,00
154000,55,false,Rx,0,8,10,27,00,00,00,00,00,00
164000,56,false,Rx,0,8,10,27,00,00,00,00,00,00
164000,57,false,Rx,0,8,00,00,FE,FF,FE,FF,00,00
236000,625,false,Rx,0,8,25,00,11,43,FD,BB,E4,01
336000,625,false,Rx,0,8,25,00,11,43,FD,BB,E4,01
343000,2C4,false,Rx,0,8,03,00,00,00,E1,02,00,00
343000,2C5,false,Rx,0,8,00,00,00,00,00,00,00,00
343000,2C6,false,Rx,0,8,F4,01,84,03,00,00,00,00
353000,54,false,Rx,0,8,00,00,FE,FF,FE,FF,00,00
354000,55,false,Rx,0,8,10,27,00,00,00,00,00,00
364000,56,false,Rx,0,8,10,27,00,00,00,00,00,00
364000,57,false,Rx,0,8,00,00,FE,FF,FE,FF,00,00
436000,625,false,Rx,0,8,25,00,11,43,FD,BB,E4,01
536000,625,false,Rx,0,8,25,00,11,43,FD,BB,E4,01
543000,2C4,false,Rx,0,8,03,00,00,00,E1,02,00,00
543000,2C5,false,Rx,0,8,00,00,00,00,00,00,00,00
543000,2C6,false,Rx,0,8,F4,01,84,03,00,00,00,00
553000,54,false,Rx,0,8,00,00,FE,FF,FE,FF,00,00
554000,55,false,Rx,0,8,10,27,00,00,00,00,00,00
564000,56,false,Rx,0,8,10,27,00,00,00,00,00,00
564000,57,false,Rx,0,8,00,00,FE,FF,FE,FF,00,00
636000,625,false,Rx,0,8,25,00,11,43,FD,BB,E4,01
736000,625,false,Rx,0,8,25,00,11,43,FD,BB,E4,01
743000,2C4,false,Rx,0,8,03,00,00,00,E1,02,00,00
743000,2C5,false,Rx,0,8,00,00,00,00,00,00,00,00
743000,2C6,false,Rx,0,8,F4,01,84,03,00,00,00,00
753000,54,false,Rx,0,8,00,00,FE,FF,FE,FF,00,00
754000,55,false,Rx,0,8,10,27,00,00,00,00,00,00
764000,56,false,Rx,0,8,10,27,00,00,00,00,00,00
764000,57,false,Rx,0,8,00,00,FE,FF,FE,FF,00,00
836000,625,false,Rx,0,8,25,00,11,43,FD,BB,E4,01
936000,625,false,Rx,0,8,25,00,11,43,FD,BB,E4,01
943000,2C4,false,Rx,0,8,03,00,00,00,E1,02,00,00
943000,2C5,false,Rx,0,8,00,00,00,00,00,00,00,00
943000,2C6,false,Rx,0,8,F4,01,84,03,00,00,00,00
953000,54,false,Rx,0,8,00,00,FE,FF,FE,FF,00,00
954000,55,false,Rx,0,8,10,27,00,00,00,00,00,00
964000,56,false,Rx,0,8,10,27,00,00,00,00,00,00
964000,57,false,Rx,0,8,00,00,FE,FF,FE,FF,00,00
1036000,625,false,Rx,0,8,25,00,11,43,FD,BB,E4,01
1136000,625,false,Rx,0,8,25,00,11,43,FD,BB,E4,01
1143000,2C4,false,Rx,0,8,03,00,00,00,E1,02,00,00
1143000,2C5,false,Rx,0,8,00,00,00,00,00,00,00,00
1143000,2C6,false,Rx,0,8,F4,01,84,03,00,00,00,00
1153000,54,false,Rx,0,8,00,00,FE,FF,FE,FF,00,00
1154000,55,false,Rx,0,8,10,27,00,00,00,00,00,00
1164000,56,false,Rx,0,8,10,27,00,00,00,00,00,00
1164000,57,false,Rx,0,8,00,00,FE,FF,FE,FF,00,00
1236000,625,false,Rx,0,8,25,00,11,43,FD,BB,E4,01
1336000,625,false,Rx,0,8,25,00,11,43,FD,BB,E4,01
1343000,2C4,false,Rx,0,8,03,00,00,00,E1,02,00,00
1343000,2C5,false,Rx,0,8,00,00,00,00,00,00,00,00
1343000,2C6,false,Rx,0,8,F4,01,84,03,00,00,00,00
1353000,54,false,Rx,0,8,00,00,FE,FF,FE,FF,00,00
1354000,55,false,Rx,0,8,10,27,00,00,00,00,00,00
1364000,56,false,Rx,0,8,10,27,00,00,00,00,00,00
1364000,57,false,Rx,0,8,00,00,FE,FF,FE,FF,00,00
1436000,625,false,Rx,0,8,25,00,11,43,FD,BB,E4,01
1536000,625,false,Rx,0,8,25,00,11,43,FD,BB,E4,01
1543000,2C4,false,Rx,0,8,03,00,00,00,E1,02,00,00
1543000,2C5,false,Rx,0,8,00,00,00,00,00,00,00,00
1543000,2C6,false,Rx,0,8,F4,01,84,03,00,00,00,00
1553000,54,false,Rx,0,8,00,00,FE,FF,FE,FF,00,00
1554000,55,false,Rx,0,8,10,27,00,00,00,00,00,00
1564000,56,false,Rx,0,8,10,27,00,00,00,00,00,00
1564000,57,false,Rx,0,8,00,00,FE,FF,FE,FF,00,00
1636000,625,false,Rx,0,8,25,00,11,43,FD,BB,E4,01
1736000,625,false,Rx,0,8,25,00,11,43,FD,BB,E4,01
1743000,2C4,false,Rx,0,8,03,00,00,00,E1,02,00,00
1743000,2C5,false,Rx,0,8,00,00,00,00,00,00,00,00
1743000,2C6,false,Rx,0,8,F4,01,84,03,00,00,00,00
1753000,54,false,Rx,0,8,00,00,FE,FF,FE,FF,00,00
1754000,55,false,Rx,0,8,10,27,00,00,00,00,00,00
1764000,56,false,Rx,0,8,10,27,00,00,00,00,00,00
1764000,57,false,Rx,0,8,00,00,FE,FF,FE,FF,00,00
1836000,625,false,Rx,0,8,25,00,11,43,FD,BB,E4,01
1936000,625,false,Rx,0,8,25,00,11,43,FD,BB,E4,01
1942000,2C4,false,Rx,0,8,03,00,00,00,E1,02,00,00
1943000,2C5,false,Rx,0,8,00,00,00,00,00,00,00,00
1943000,2C6,false,Rx,0,8,F4,01,84,03,00,00,00,00
1953000,54,false,Rx,0,8,00,00,FE,FF,FE,FF,00,00
1954000,55,false,Rx,0,8,10,27,00,00,00,00,00,00
1964000,56,false,Rx,0,8,10,27,00,00,00,00,00,00
1964000,57,false,Rx,0,8,00,00,FE,FF,FE,FF,00,00
2036000,625,false,Rx,0,8,25,00,11,43,FD,BB,E4,01
2136000,625,false,Rx,0,8,25,00,11,43,FD,BB,E4,01
2142000,2C4,false,Rx,0,8,03,00,00,00,E1,02,00,00
2143000,2C5,false,Rx,0,8,00,00,00,00,00,00,00,00
2143000,2C6,false,Rx,0,8,F4,01,84,03,00,00,00,00
2153000,54,false,Rx,0,8,00,00,FE,FF,FE,FF,00,00
2154000,55,false,Rx,0,8,10,27,00,00,00,00,00,00
2164000,56,false,Rx,0,8,10,27,00,00,00,00,00,00
2164000,57,false,Rx,0,8,00,00,FE,FF,FE,FF,00,00
2236000,625,false,Rx,0,8,25,00,11,43,FD,BB,E4,01
2336000,625,false,Rx,0,8,25,00,11,43,FD,BB,E4,01
2342000,2C4,false,Rx,0,8,03,00,00,00,DF,02,00,00
2343000,2C5,false,Rx,0,8,00,00,00,00,00,00,00,00
2343000,2C6,false,Rx,0,8,F4,01,84,03,00,00,00,00
2353000,54,false,Rx,0,8,00,00,FE,FF,FE,FF,00,00
2354000,55,false,Rx,0,8,10,27,00,00,00,00,00,00
2364000,56,false,Rx,0,8,10,27,00,00,00,00,00,00
2364000,57,false,Rx,0,8,00,00,FE,FF,FE,FF,00,00
2436000,625,false,Rx,0,8,25,00,11,43,FD,BB,E4,01
2536000,625,false,Rx,0,8,25,00,11,43,FD,BB,E4,01
2542000,2C4,false,Rx,0,8,03,00,00,00,E1,02,00,00
2543000,2C5,false,Rx,0,8,00,00,00,00,00,00,00,00
2543000,2C6,false,Rx,0,8,F4,01,84,03,00,00,00,00
2553000,54,false,Rx,0,8,00,00,FE,FF,FE,FF,00,00
2554000,55,false,Rx,0,8,10,27,00,00,00,00,00,00
2564000,56,false,Rx,0,8,10,27,00,00,00,00,00,00
2564000,57,false,Rx,0,8,00,00,FE,FF,FE,FF,00,00
2636000,625,false,Rx,0,8,25,00,11,43,FD,BB,E4,01
2736000,625,false,Rx,0,8,25,00,11,43,FD,BB,E4,01
2742000,2C4,false,Rx,0,8,03,00,00,00,E1,02,00,00
2743000,2C5,false,Rx,0,8,00,00,00,00,00,00,00,00
2743000,2C6,false,Rx,0,8,F4,01,84,03,00,00,00,00
2753000,54,false,Rx,0,8,00,00,FE,FF,FE,FF,00,00
2754000,55,false,Rx,0,8,10,27,00,00,00,00,00,00
2764000,56,false,Rx,0,8,10,27,00,00,00,00,00,00
2764000,57,false,Rx,0,8,00,00,FE,FF,FE,FF,00,00
2836000,625,false,Rx,0,8,25,00,11,43,FD,BB,E4,01
2936000,625,false,Rx,0,8,25,00,11,43,FD,BB,E4,01
2942000,2C4,false,Rx,0,8,03,00,00,00,E1,02,00,00
2943000,2C5,false,Rx,0,8,00,00,00,00,00,00,00,00
2943000,2C6,false,Rx,0,8,F4,01,84,03,00,00,00,00
2953000,54,false,Rx,0,8,00,00,FE,FF,FE,FF,00,00
2954000,55,false,Rx,0,8,10,27,00,00,00,00,00,00
2964000,56,false,Rx,0,8,10,27,00,00,00,00,00,00
2964000,57,false,Rx,0,8,00,00,FE,FF,FE,FF,00,00
3036000,625,false,Rx,0,8,25,00,11,43,FD,BB,E4,01
3136000,625,false,Rx,0,8,25,00,11,43,FD,BB,E4,01
3142000,2C4,false,Rx,0,8,03,00,00,00,E1,02,00,00
3143000,2C5,false,Rx,0,8,00,00,00,00,00,00,00,00
3143000,2C6,false,Rx,0,8,F4,01,84,03,00,00,00,00
3153000,54,false,Rx,0,8,00,00,FE,FF,FE,FF,00,00
3154000,55,false,Rx,0,8,10,27,00,00,00,00,00,00
3164000,56,false,Rx,0,8,10,27,00,00,00,00,00,00
3164000,57,false,Rx,0,8,00,00,FE,FF,FE,FF,00,00
3236000,625,false,Rx,0,8,25,00,11,43,FD,BB,E4,01
3336000,625,false,Rx,0,8,25,00,11,43,FD,BB,E4,01
3342000,2C4,false,Rx,0,8,03,00,00,00,E1,02,00,00
3343000,2C5,false,Rx,0,8,00,00,00,00,00,00,00,00
3343000,2C6,false,Rx,0,8,F4,01,84,03,00,00,00,00
3353000,54,false,Rx,0,8,00,00,FE,FF,FE,FF,00,00
3354000,55,false,Rx,0,8,10,27,00,00,00,00,00,00
3364000,56,false,Rx,0,8,10,27,00,00,00,00,00,00
3364000,57,false,Rx,0,8,00,00,FE,FF,FE,FF,00,00
3436000,625,false,Rx,0,8,25,00,11,43,FD,BB,E4,01
3536000,625,false,Rx,0,8,25,00,11,43,FD,BB,E4,01
3542000,2C4,false,Rx,0,8,03,00,00,00,E4,02,00,00
3543000,2C5,false,Rx,0,8,00,00,00,00,00,00,00,00
3543000,2C6,false,Rx,0,8,F4,01,84,03,00,00,00,00
3553000,54,false,Rx,0,8,00,00,FE,FF,FE,FF,00,00
3553000,55,false,Rx,0,8,10,27,00,00,00,00,00,00
3564000,56,false,Rx,0,8,10,27,00,00,00,00,00,00
3564000,57,false,Rx,0,8,00,00,FE,FF,FE,FF,00,00
3636000,625,false,Rx,0,8,25,00,11,43,FD,BB,E4,01
3736000,625,false,Rx,0,8,25,00,11,43,FD,BB,E4,01
3742000,2C4,false,Rx,0,8,03,00,00,00,E1,02,00,00
3743000,2C5,false,Rx,0,8,00,00,00,00,00,00,00,00
3743000,2C6,false,Rx,0,8,F4,01,84,03,00,00,00,00
3753000,54,false,Rx,0,8,00,00,FE,FF,FE,FF,00,00
3753000,55,false,Rx,0,8,10,27,00,00,00,00,00,00
3764000,56,false,Rx,0,8,10,27,00,00,00,00,00,00
3764000,57,false,Rx,0,8,00,00,FE,FF,FE,FF,00,00
3836000,625,false,Rx,0,8,25,00,11,43,FD,BB,E4,01
3936000,625,false,Rx,0,8,25,00,11,43,FD,BB,E4,01
3942000,2C4,false,Rx,0,8,03,00,00,00,E4,02,00,00
3943000,2C5,false,Rx,0,8,00,00,00,00,00,00,00,00
3943000,2C6,false,Rx,0,8,F4,01,84,03,00,00,00,00
3953000,54,false,Rx,0,8,00,00,FE,FF,FE,FF,00,00
3953000,55,false,Rx,0,8,10,27,00,00,00,00,00,00
3964000,56,false,Rx,0,8,10,27,00,00,00,00,00,00
3964000,57,false,Rx,0,8,00,00,FE,FF,FE,FF,00,00
4036000,625,false,Rx,0,8,25,00,11,43,FD,BB,E4,01
4136000,625,false,Rx,0,8,25,00,11,43,FD,BB,E4,01
4142000,2C4,false,Rx,0,8,03,00,00,00,E1,02,00,00
4143000,2C5,false,Rx,0,8,00,00,00,00,00,00,00,00
4143000,2C6,false,Rx,0,8,F4,01,84,03,00,00,00,00
4153000,54,false,Rx,0,8,00,00,FE,FF,FE,FF,00,00
4153000,55,false,Rx,0,8,10,27,00,00,00,00,00,00
4164000,56,false,Rx,0,8,10,27,00,00,00,00,00,00
4164000,57,false,Rx,0,8,00,00,FE,FF,FE,FF,00,00
4236000,625,false,Rx,0,8,25,00,11,43,FD,BB,E4,01
4336000,625,false,Rx,0,8,25,00,11,43,FD,BB,E4,01
4342000,2C4,false,Rx,0,8,03,00,00,00,E4,02,00,00
4343000,2C5,false,Rx,0,8,00,00,00,00,00,00,00,00
4343000,2C6,false,Rx,0,8,F4,01,84,03,00,00,00,00
4353000,54,false,Rx,0,8,00,00,FE,FF,FE,FF,00,00
4353000,55,false,Rx,0,8,10,27,00,00,00,00,00,00
4364000,56,false,Rx,0,8,10,27,00,00,00,00,00,00
4364000,57,false,Rx,0,8,00,00,FE,FF,FE,FF,00,00
4412000,60D,false,Rx,0,8,0D,10,DF,23,02,20,70,00
4436000,625,false,Rx,0,8,25,00,11,43,FD,BB,E4,01
4502000,60D,false,Rx,0,8,0D,10,DF,23,02,20,70,00
4536000,625,false,Rx,0,8,25,00,11,43,FD,BB,E4,01
4542000,2C4,false,Rx,0,8,03,00,00,00,E1,02,00,00
4543000,2C5,false,Rx,0,8,00,00,00,00,00,00,00,00
4543000,2C6,false,Rx,0,8,F4,01,84,03,00,00,00,00
4553000,54,false,Rx,0,8,00,00,FE,FF,FE,FF,00,00
4553000,55,false,Rx,0,8,10,27,00,00,00,00,00,00
4564000,56,false,Rx,0,8,10,27,00,00,00,00,00,00
4564000,57,false,Rx,0,8,00,00,FE,FF,FE,FF,00,00
4602000,60D,false,Rx,0,8,0D,10,DF,23,02,20,70,00
4636000,625,false,Rx,0,8,25,00,11,43,FD,BB,E4,01
4702000,60D,false,Rx,0,8,0D,10,DF,23,02,20,70,00
4736000,625,false,Rx,0,8,25,00,11,43,FD,BB,E4,01
4742000,2C4,false,Rx,0,8,03,00,00,00,E4,02,00,00
4743000,2C5,false,Rx,0,8,00,00,00,00,00,00,00,00
4743000,2C6,false,Rx,0,8,F4,01,84,03,00,00,00,00
4753000,54,false,Rx,0,8,01,01,FE,FF,FE,FF,00,00
4753000,55,false,Rx,0,8,10,27,00,00,00,00,00,00
4764000,56,false,Rx,0,8,10,27,00,00,00,00,00,00
4764000,57,false,Rx,0,8,00,00,FE,FF,FE,FF,00,00
4802000,60D,false,Rx,0,8,0D,10,DF,23,02,20,70,00
4836000,625,false,Rx,0,8,25,00,11,43,FD,BB,E4,01
4903000,60D,false,Rx,0,8,0D,10,DF,23,02,20,70,00
4936000,625,false,Rx,0,8,25,00,11,43,FD,BB,E4,01
4942000,2C4,false,Rx,0,8,05,00,00,00,E4,02,00,00
4943000,2C5,false,Rx,0,8,00,00,00,00,00,00,00,00
4943000,2C6,false,Rx,0,8,F4,01,84,03,00,00,00,00
4953000,54,false,Rx,0,8,01,01,FE,FF,FE,FF,00,00
4953000,55,false,Rx,0,8,10,27,00,00,00,00,00,00
4964000,56,false,Rx,0,8,10,27,00,00,00,00,00,00
4964000,57,false,Rx,0,8,00,00,FE,FF,FE,FF,00,00
5003000,60D,false,Rx,0,8,0D,10,DF,23,02,20,70,00
5036000,625,false,Rx,0,8,25,00,11,43,FD,BB,E4,01
5103000,60D,false,Rx,0,8,0D,10,DF,23,02,20,70,00
5136000,625,false,Rx,0,8,25,00,11,43,FD,BB,E4,01
5142000,2C4,false,Rx,0,8,05,00,00,00,E4,02,00,00
5143000,2C5,false,Rx,0,8,00,00,00,00,00,00,00,00
5143000,2C6,false,Rx,0,8,F4,01,84,03,00,00,00,00
5153000,54,false,Rx,0,8,01,01,FE,FF,FE,FF,00,00
5153000,55,false,Rx,0,8,10,27,00,00,00,00,00,00
5164000,56,false,Rx,0,8,10,27,00,00,00,00,00,00
5164000,57,false,Rx,0,8,00,00,FE,FF,FE,FF,00,00
5202000,60D,false,Rx,0,8,0D,10,DF,23,02,20,70,00
5236000,625,false,Rx,0,8,25,00,11,43,FD,BB,E4,01
5302000,60D,false,Rx,0,8,0D,10,DF,23,02,20,70,00
5336000,625,false,Rx,0,8,25,00,11,43,FD,BB,E4,01
5342000,2C4,false,Rx,0,8,05,00,00,00,E1,02,00,00
5343000,2C5,false,Rx,0,8,00,00,00,00,00,00,00,00
5343000,2C6,false,Rx,0,8,F4,01,84,03,00,00,00,00
5353000,54,false,Rx,0,8,01,01,FE,FF,FE,FF,00,00
5353000,55,false,Rx,0,8,10,27,00,00,00,00,00,00
5364000,56,false,Rx,0,8,10,27,00,00,00,00,00,00
5364000,57,false,Rx,0,8,00,00,FE,FF,FE,FF,00,00
5402000,60D,false,Rx,0,8,0D,10,DF,23,02,20,70,00
5436000,625,false,Rx,0,8,25,00,11,43,FD,BB,E4,01
5502000,60D,false,Rx,0,8,0D,10,DF,23,02,20,70,00
5536000,625,false,Rx,0,8,25,00,11,43,FD,BB,E4,01
5542000,2C4,false,Rx,0,8,05,00,00,00,E4,02,00,00
5543000,2C5,false,Rx,0,8,00,00,00,00,00,00,00,00
5543000,2C6,false,Rx,0,8,F4,01,84,03,00,00,00,00
5553000,54,false,Rx,0,8,01,01,FE,FF,FE,FF,00,00
5553000,55,false,Rx,0,8,10,27,00,00,00,00,00,00
5564000,56,false,Rx,0,8,10,27,00,00,00,00,00,00
5564000,57,false,Rx,0,8,00,00,FE,FF,FE,FF,00,00
5602000,60D,false,Rx,0,8,0D,10,DF,23,02,20,70,00
5636000,625,false,Rx,0,8,25,00,11,43,FD,BB,E4,01
5702000,60D,false,Rx,0,8,0D,10,DF,23,02,20,70,00
5736000,625,false,Rx,0,8,25,00,11,43,FD,BB,E4,01
5742000,2C4,false,Rx,0,8,05,00,00,00,E4,02,00,00
5743000,2C5,false,Rx,0,8,00,00,00,00,00,00,00,00
5743000,2C6,false,Rx,0,8,F4,01,84,03,00,00,00,00
5753000,54,false,Rx,0,8,01,01,FE,FF,FE,FF,00,00
5753000,55,false,Rx,0,8,10,27,00,00,00,00,00,00
5764000,56,false,Rx,0,8,10,27,00,00,00,00,00,00
5764000,57,false,Rx,0,8,00,00,FE,FF,FE,FF,00,00
5802000,60D,false,Rx,0,8,0D,10,DF,23,02,20,70,00
5836000,625,false,Rx,0,8,25,00,11,43,FD,BB,E4,01
5902000,60D,false,Rx,0,8,0D,10,DF,23,02,20,70,00
5936000,625,false,Rx,0,8,25,00,11,43,FD,BB,E4,01
5942000,2C4,false,Rx,0,8,05,00,00,00,E4,02,00,00
5943000,2C5,false,Rx,0,8,00,00,00,00,00,00,00,00
5943000,2C6,false,Rx,0,8,F4,01,84,03,00,00,00,00
5953000,54,false,Rx,0,8,01,01,FE,FF,FE,FF,00,00
5953000,55,false,Rx,0,8,10,27,00,00,00,00,00,00
5964000,56,false,Rx,0,8,10,27,00,00,00,00,00,00
5964000,57,false,Rx,0,8,00,00,FE,FF,FE,FF,00,00
6002000,60D,false,Rx,0,8,0D,10,DF,23,02,20,70,00
6036000,625,false,Rx,0,8,25,00,11,43,FD,BB,E4,01
6102000,60D,false,Rx,0,8,0D,10,DF,23,02,20,70,00
6136000,625,false,Rx,0,8,25,00,11,43,FD,BB,E4,01
6142000,2C4,false,Rx,0,8,05,00,00,00,E1,02,00,00
6143000,2C5,false,Rx,0,8,00,00,00,00,00,00,00,00
6143000,2C6,false,Rx,0,8,F4,01,84,03,00,00,00,00
6153000,54,false,Rx,0,8,01,01,FE,FF,FE,FF,00,00
6153000,55,false,Rx,0,8,10,27,00,00,00,00,00,00
6164000,56,false,Rx,0,8,10,27,00,00,00,00,00,00
6164000,57,false,Rx,0,8,00,00,FE,FF,FE,FF,00,00
6202000,60D,false,Rx,0,8,0D,10,DF,23,02,20,70,00
6236000,625,false,Rx,0,8,25,00,11,43,FD,BB,E4,01
6302000,60D,false,Rx,0,8,0D,10,DF,23,02,20,70,00
6336000,625,false,Rx,0,8,25,00,11,43,FD,BB,E4,01
6342000,2C4,false,Rx,0,8,05,00,00,00,E4,02,00,00
6343000,2C5,false,Rx,0,8,00,00,00,00,00,00,00,00
6343000,2C6,false,Rx,0,8,F4,01,84,03,00,00,00,00
6353000,54,false,Rx,0,8,01,01,FE,FF,FE,FF,00,00
6353000,55,false,Rx,0,8,10,27,00,00,00,00,00,00
6364000,56,false,Rx,0,8,10,27,00,00,00,00,00,00
6364000,57,false,Rx,0,8,00,00,FE,FF,FE,FF,00,00
6402000,60D,false,Rx,0,8,0D,10,DF,23,02,20,70,00
6436000,625,false,Rx,0,8,25,00,11,43,FD,BB,E4,01
6502000,60D,false,Rx,0,8,0D,10,DF,23,02,20,70,00
6536000,625,false,Rx,0,8,25,00,11,43,FD,BB,E4,01
6542000,2C4,false,Rx,0,8,05,00,00,00,E4,02,00,00
6543000,2C5,false,Rx,0,8,00,00,00,00,00,00,00,00
6543000,2C6,false,Rx,0,8,F4,01,84,03,00,00,00,00
6553000,54,false,Rx,0,8,01,01,FE,FF,FE,FF,00,00
6553000,55,false,Rx,0,8,10,27,00,00,00,00,00,00
6564000,56,false,Rx,0,8,10,27,00,00,00,00,00,00
6564000,57,false,Rx,0,8,00,00,FE,FF,FE,FF,00,00
6602000,60D,false,Rx,0,8,0D,10,DF,23,02,20,70,00
6636000,625,false,Rx,0,8,25,00,11,43,FD,BB,E4,01
6702000,60D,false,Rx,0,8,0D,10,DF,23,02,20,70,00
6736000,625,false,Rx,0,8,25,00,11,43,FD,BB,E4,01
6742000,2C4,false,Rx,0,8,05,00,00,00,E4,02,00,00
6742000,2C5,false,Rx,0,8,00,00,00,00,00,00,00,00
6743000,2C6,false,Rx,0,8,F4,01,84,03,00,00,00,00
6753000,54,false,Rx,0,8,01,01,FE,FF,FE,FF,00,00
6753000,55,false,Rx,0,8,10,27,00,00,00,00,00,00
6764000,56,false,Rx,0,8,10,27,00,00,00,00,00,00
6764000,57,false,Rx,0,8,00,00,FE,FF,FE,FF,00,00
6802000,60D,false,Rx,0,8,0D,10,DF,23,02,20,70,00
6836000,625,false,Rx,0,8,25,00,11,43,FD,BB,E4,01
6902000,60D,false,Rx,0,8,0D,10,DF,23,02,20,70,00
6936000,625,false,Rx,0,8,25,00,11,43,FD,BB,E4,01
6942000,2C4,false,Rx,0,8,05,00,00,00,E1,02,00,00
6943000,2C5,false,Rx,0,8,00,00,00,00,00,00,00,00
6943000,2C6,false,Rx,0,8,F4,01,84,03,00,00,00,00
6953000,54,false,Rx,0,8,01,01,FE,FF,FE,FF,00,00
6953000,55,false,Rx,0,8,10,27,00,00,00,00,00,00
6964000,56,false,Rx,0,8,10,27,00,00,00,00,00,00
6964000,57,false,Rx,0,8,00,00,FE,FF,FE,FF,00,00
7002000,60D,false,Rx,0,8,0D,10,DF,23,02,20,70,00
7036000,625,false,Rx,0,8,25,00,11,43,FD,BB,E4,01
7102000,60D,false,Rx,0,8,0D,10,DF,23,02,20,70,00
7136000,625,false,Rx,0,8,25,00,11,43,FD,BB,E4,01
7142000,2C4,false,Rx,0,8,05,00,00,00,E4,02,00,00
7142000,2C5,false,Rx,0,8,00,00,00,00,00,00,00,00
7143000,2C6,false,Rx,0,8,F4,01,84,03,00,00,00,00
7153000,54,false,Rx,0,8,01,01,FE,FF,FE,FF,00,00
7153000,55,false,Rx,0,8,10,27,00,00,00,00,00,00
7164000,56,false,Rx,0,8,10,27,00,00,00,00,00,00
7164000,57,false,Rx,0,8,00,00,FE,FF,FE,FF,00,00
7202000,60D,false,Rx,0,8,0D,10,DF,23,02,20,70,00
7236000,625,false,Rx,0,8,25,00,11,43,FD,BB,E4,01
7302000,60D,false,Rx,0,8,0D,10,DF,23,02,20,70,00
7336000,625,false,Rx,0,8,25,00,11,43,FD,BB,E4,01
7342000,2C4,false,Rx,0,8,05,00,00,00,E4,02,00,00
7342000,2C5,false,Rx,0,8,00,00,00,00,00,00,00,00
7343000,2C6,false,Rx,0,8,F4,01,84,03,00,00,00,00
7353000,54,false,Rx,0,8,01,01,FE,FF,FE,FF,00,00
7353000,55,false,Rx,0,8,10,27,00,00,00,00,00,00
7364000,56,false,Rx,0,8,10,27,00,00,00,00,00,00
7364000,57,false,Rx,0,8,00,00,FE,FF,FE,FF,00,00
7402000,60D,false,Rx,0,8,0D,10,DF,23,02,20,70,00
7436000,625,false,Rx,0,8,25,00,11,43,FD,BB,E4,01
7502000,60D,false,Rx,0,8,0D,10,DF,23,02,20,70,00
7536000,625,false,Rx,0,8,25,00,11,43,FD,BB,E4,01
7542000,2C4,false,Rx,0,8,05,00,00,00,E4,02,00,00
7542000,2C5,false,Rx,0,8,00,00,00,00,00,00,00,00
7543000,2C6,false,Rx,0,8,F4,01,84,03,00,00,00,00
7553000,54,false,Rx,0,8,01,01,FE,FF,FE,FF,00,00
7553000,55,false,Rx,0,8,10,27,00,00,00,00,00,00
7564000,56,false,Rx,0,8,10,27,00,00,00,00,00,00
7564000,57,false,Rx,0,8,00,00,FE,FF,FE,FF,00,00
7602000,60D,false,Rx,0,8,0D,10,DF,23,02,20,70,00
7636000,625,false,Rx,0,8,25,00,11,43,FD,BB,E4,01
7702000,60D,false,Rx,0,8,0D,10,DF,23,02,20,70,00
7736000,625,false,Rx,0,8,25,00,11,43,FD,BB,E4,01
7742000,2C4,false,Rx,0,8,05,00,00,00,E1,02,00,00
7742000,2C5,false,Rx,0,8,00,00,00,00,00,00,00,00
7743000,2C6,false,Rx,0,8,F4,01,84,03,00,00,00,00
7753000,54,false,Rx,0,8,01,01,FE,FF,FE,FF,00,00
7753000,55,false,Rx,0,8,10,27,00,00,00,00,00,00
7764000,56,false,Rx,0,8,10,27,00,00,00,00,00,00
7764000,57,false,Rx,0,8,00,00,FE,FF,FE,FF,00,00
7802000,60D,false,Rx,0,8,0D,10,DF,23,02,20,70,00
7836000,625,false,Rx,0,8,25,00,11,43,FD,BB,E4,01
7902000,60D,false,Rx,0,8,0D,10,DF,23,02,20,70,00
7936000,625,false,Rx,0,8,25,00,11,43,FD,BB,E4,01
7942000,2C4,false,Rx,0,8,05,00,00,00,E4,02,00,00
7942000,2C5,false,Rx,0,8,00,00,00,00,00,00,00,00
7943000,2C6,false,Rx,0,8,F4,01,84,03,00,00,00,00
7953000,54,false,Rx,0,8,01,01,FE,FF,FE,FF,00,00
7953000,55,false,Rx,0,8,10,27,00,00,00,00,00,00
7964000,56,false,Rx,0,8,10,27,00,00,00,00,00,00
7964000,57,false,Rx,0,8,00,00,FE,FF,FE,FF,00,00
8002000,60D,false,Rx,0,8,0D,10,DF,23,02,20,70,00
8036000,625,false,Rx,0,8,25,00,11,43,FD,BB,E4,01
8102000,60D,false,Rx,0,8,0D,10,DF,23,02,20,70,00
8136000,625,false,Rx,0,8,25,00,11,43,FD,BB,E4,01
8142000,2C4,false,Rx,0,8,05,00,00,00,E4,02,00,00
8142000,2C5,false,Rx,0,8,00,00,00,00,00,00,00,00
8143000,2C6,false,Rx,0,8,F4,01,84,03,00,00,00,00
8153000,54,false,Rx,0,8,01,01,FE,FF,FE,FF,00,00
8153000,55,false,Rx,0,8,10,27,00,00,00,00,00,00
8164000,56,false,Rx,0,8,10,27,00,00,00,00,00,00
8164000,57,false,Rx,0,8,00,00,FE,FF,FE,FF,00,00
8202000,60D,false,Rx,0,8,0D,10,DF,23,02,20,70,00
8236000,625,false,Rx,0,8,25,00,11,43,FD,BB,E4,01
8302000,60D,false,Rx,0,8,0D,10,DF,23,02,20,70,00
8336000,625,false,Rx,0,8,25,00,11,43,FD,BB,E4,01
8342000,2C4,false,Rx,0,8,05,00,00,00,E4,02,00,00
8342000,2C5,false,Rx,0,8,00,00,00,00,00,00,00,00
8343000,2C6,false,Rx,0,8,F4,01,84,03,00,00,00,00
8353000,54,false,Rx,0,8,01,01,FE,FF,FE,FF,00,00
8353000,55,false,Rx,0,8,10,27,00,00,00,00,00,00
8364000,56,false,Rx,0,8,10,27,00,00,00,00,00,00
8364000,57,false,Rx,0,8,00,00,FE,FF,FE,FF,00,00
8402000,60D,false,Rx,0,8,0D,10,DF,23,02,20,70,00
8436000,625,false,Rx,0,8,25,00,11,43,FD,BB,E4,01
